addr:city,addr:country,addr:housenumber,addr:postcode,addr:street,amenity,check_date:opening_hours,name,opening_hours:signed,source,source:date,toilets:wheelchair,wheelchair,geometry,diet:vegetarian,internet_access,internet_access:fee,opening_hours,outdoor_seating,website,wikidata,wikipedia,description,diet:vegan,phone,cuisine,shop,brand,brand:wikidata,contact:website,indoor_seating,check_date,payment:mastercard,payment:visa,url,email,contact:facebook,brand:wikipedia,contact:instagram,alt_name,note,operator,stars,name:en,name:nl,name:zh,delivery,takeaway,start_date,old_name,contact:phone,diet:gluten_free,diet:meat,gluten_free,gay,air_conditioning,smoking,check_date:currency:XBT,fax,bar,brewery,capacity,payment:cash,reservation,toilets,level,toilets:access,opening_hours:kitchen,contact:twitter,payment:credit_cards,payment:debit_cards,name:fr,contact:mobile,image,lunch,addr:suburb,contact:email,building:colour,building:levels,name:vi,addr:housename,branch,addr:floor,changing_table,contact:whatsapp,self_service,nodes,building,ref:bag,walking_time
Amsterdam,NL,25,1017CL,Reguliersbreestraat,restaurant,2023-04-26,El Torado Grill,no,BAG,2014-02-11,no,limited,POINT (4.8947159 52.3666908),,,,,,,,,,,,,,,,,,,,,,,,,,,,,,,,,,,,,,,,,,,,,,,,,,,,,,,,,,,,,,,,,,,,,,,,,,,,587.7287437302735
,,,,,restaurant,,Waaghals,,,,,limited,POINT (4.889014 52.3571286),only,,,,,http://www.waaghals.nl,,,Vegetarisch Restaurant De Waaghals,yes,+31 20 679 9609,,,,,,,,,,,,,,,,,,,,,,,,,,,,,,,,,,,,,,,,,,,,,,,,,,,,,,,,,,,,,,,,,515.7787345239399
Amsterdam,,203,1012XC,Kalverstraat,restaurant,,La Place,,BAG,2014-02-11,no,yes,POINT (4.8924135 52.3676426),,,,,,https://www.laplace.com/,,,,,,,,La Place,Q2041183,https://www.laplace.com/nl/locations/detail/la-place-amsterdam-kalverstraat-vd/,,,,,,,,,,,,,,,,,,,,,,,,,,,,,,,,,,,,,,,,,,,,,,,,,,,,,,,,,,,,543.389256781205
Amsterdam,NL,515,1017BV,Herengracht,restaurant,,Kramer,,,,,no,POINT (4.8926577 52.3654467),,wlan,no,,,https://cafekramer.nl/,,,,,+31 20 320 8175,asian,,,,,,,,,,,,,,,,,,,,,,,,,,,,,,,,,,,,,,,,,,,,,,,,,,,,,,,,,,,,,,,,452.5969695479683
,,,,,restaurant,,Bollywood Indian Restaurant,,,,,,POINT (4.8844033 52.3639694),,,,,,https://restaurantbollywood.nl/en/,,,,yes,,indian,,,,,,,,,,,,,,,,,,,,,,,,,,,,,,,,,,,,,,,,,,,,,,,,,,,,,,,,,,,,,,,,81.80221940591338
Amsterdam,,37,1017NG,Lange Leidsedwarsstraat,restaurant,,Puri Mas Indonesisch Restaurant,,,,,,POINT (4.8845382 52.3641036),,,,Tu-Su 17:00-22:30,,http://www.purimas.nl,,,,,,indonesian,,,,,,,,,,,,,,,,,,,,,,,,,,,,,,,,,,,,,,,,,,,,,,,,,,,,,,,,,,,,,,,,93.02643944901986
Amsterdam,,96,1071BB,Van Baerlestraat,restaurant,,Brasserie Keyzer,,,,,,POINT (4.8792088 52.3568126),,,,,no,https://brasseriekeyzer.nl,,,,,+31 20 675 1866,,,,,,yes,,,,,,,,,,,,,,,,,,,,,,,,,,,,,,,,,,,,,,,,,,,,,,,,,,,,,,,,,,,546.6376610201024
Amsterdam,NL,52,1071BA,Van Baerlestraat,restaurant,,Small Talk,,,,,limited,POINT (4.878408 52.3579755),,,,,,,,,,,,,,,,,,,,,,,,,,,,,,,,,,,,,,,,,,,,,,,,,,,,,,,,,,,,,,,,,,,,,,,,,,,,487.99335537101183
Amsterdam,,12A-14,1017CV,Rembrandtplein,restaurant,,La Madonnina,,,,,no,POINT (4.8955024 52.3658484),,,,,,,,,,,,italian,,,,,,2023-04-12,,,,,,,,,,,,,,,,,,,,,,,,,,,,,,,,,,,,,,,,,,,,,,,,,,,,,,,,,,591.8202147870888
,,,,,restaurant,,LM,,,,,,POINT (4.8885043 52.356045),,,,,,,,,,,,,,,,,,,,,,,,,,,,,,,,,,,,,,,,,,,,,,,,,,,,,,,,,,,,,,,,,,,,,,,,,,,,585.0495383841527
,,,,,restaurant,,ISSHIN,,,,,limited,POINT (4.8886451 52.3570377),,,,,,https://www.isshin-amsterdam.nl,,,,,,japanese,,,,,,2023-06-02,yes,yes,,,,,,,,,,,,,,,,,,,,,,,,,,,,,,,,,,,,,,,,,,,,,,,,,,,,,,,,514.6360541448468
,,,,,restaurant,,De 3 Vrienden,,,,,limited,POINT (4.8887506 52.357371),,,,,,,,,,,,,,,,,,,,,http://www.de3vrienden.nl,,,,,,,,,,,,,,,,,,,,,,,,,,,,,,,,,,,,,,,,,,,,,,,,,,,,,,,492.83188990081186
Amsterdam,,26-H,,Frans Halsstraat,restaurant,,Le Restaurant,,,,,limited,POINT (4.8887434 52.357778),,,,,,https://www.le-restaurant.nl,,,,,,,,,,,,,,,,,,,,,,,,,,,,,,,,,,,,,,,,,,,,,,,,,,,,,,,,,,,,,,,,,,,,,,463.8211696170664
Amsterdam,,2,1072BR,Frans Halsstraat,restaurant,,Otaru,,,,,limited,POINT (4.8888704 52.3584175),,,,,,https://www.otaru.nl/,,,,,+31 20 670 8972,japanese,,,,,,,,,,info@otaru.nl,,,,,,,,,,,,,,,,,,,,,,,,,,,,,,,,,,,,,,,,,,,,,,,,,,,,,,422.7254301465358
Amsterdam,NL,27,1071BL,Pieter Cornelisz. Hooftstraat,restaurant,,Sama Sebo,,,,,no,POINT (4.8831414 52.3606764),,,,"Mo-Sa 12:00-15:00, 17:00+; PH off",,https://www.samasebo.nl/,,,,,,indonesian,,,,,,,,,,,https://www.facebook.com/profile.php?id=100054419023408,,,,,,,,,,,,,,,,,,,,,,,,,,,,,,,,,,,,,,,,,,,,,,,,,,,,,188.75053180526294
,,,,,restaurant,,Maxies,,,,,,POINT (4.8797621 52.3600875),,,,,,,,,,,,,,,,,,,,,,,,,,,,,,,,,,,,,,,,,,,,,,,,,,,,,,,,,,,,,,,,,,,,,,,,,,,,316.7312451314167
,,,,,restaurant,,Peper & Zout,,,,,,POINT (4.8742446 52.3622867),,,,,,,,,,,,,,,,,,,,,,,,,,,,,,,,,,,,,,,,,,,,,,,,,,,,,,,,,,,,,,,,,,,,,,,,,,,,492.2373389296906
Amsterdam,,57,1017MA,Max Euweplein,restaurant,,Hard Rock Cafe,,,,no,limited,POINT (4.8833077 52.3621869),yes,,,"Mo-Th 09:00-24:00, Fr,Sa 09:00-01:00",,https://www.hardrockcafe.com/location/amsterdam/#utm_source=Google&utm_medium=Yext&utm_campaign=Listings,,,,,+31 20 888 1358,american,,Hard Rock Cafe,Q918151,,,,,,,,,en:Hard Rock Cafe,,,,,,,,,,,,,,,,,,,,,,,,,,,,,,,,,,,,,,,,,,,,,,,,,,,,77.15011881390775
,,,,,restaurant,,Hosokawa,,,,,,POINT (4.8827502 52.3629202),,,,,,,,,,,,japanese,,,,,,,,,,,,,,,,,,,,,,,,,,,,,,,,,,,,,,,,,,,,,,,,,,,,,,,,,,,,,,,,75.624690264058
,,,,,restaurant,,Wagamama,,,,yes,yes,POINT (4.8831541 52.3625079),,,,Mo-Su 12:00-22:00,,,,,,,+31 20 528 7778,asian,,Wagamama,Q503715,,,,,,,,,en:Wagamama,,,,,,,,,,,,,,,,,,,,,,,,,,,,,,,,,,,,,,,,,,,,,,,,,,,,65.73503109818878
,,,,,restaurant,,Maximus Steak House,,,,no,limited,POINT (4.8834726 52.3622945),,,,Mo-Su 12:00-23:00,,https://maximussteakhouse.com/,,,,,+31 20 626 5300,,,,,,,,,,,info@maximussteakhouse.com,,,,,,,,,,,,,,,,,,,,,,,,,,,,,,,,,,,,,,,,,,,,,,,,,,,,,,65.46105342930214
,,,,,restaurant,,De Balie,,,,,yes,POINT (4.883101 52.36312),,,,"Tu-Su 09:00-23:00, Fr 09:00-01:00, Sa 10:00-01:00",,,,,,,,,,,,,,,,,,,,,,,,,,,,,,,,,,,,,,,,,,,,,,,,,,,,,,,,,,,,,,,,,,,,,,,,60.22092240835708
,,,,,restaurant,,Anmol,,,,,,POINT (4.8759194 52.3622297),,,,,no,,,,,,,indian,,,,,yes,,,,,,,,,,,,,,,,,,,,,,,,,,,,,,,,,,,,,,,,,,,,,,,,,,,,,,,,,,,411.8906757034897
Amsterdam,,45,1054BS,Eerste Constantijn Huygensstraat,restaurant,,Veganees,,,,,limited,POINT (4.874814 52.3638495),yes,,,"Mo,Tu 17:00-01:00; We,Th 11:30-01:00; Fr,Sa 11:30-03:00; Su 11:30-23:00",yes,https://www.veganees.com/,,,,yes,+31 20 303 9567,asian,,,,,yes,2023-06-21,,,,,,,,,,,,,,,,,,,,,,,,,,,,,,,,,,,,,,,,,,,,,,,,,,,,,,,,,,467.35938081821485
Amsterdam,,24,1012XA,Spui,restaurant,,Café Luxembourg,,BAG,2014-02-11,,no,POINT (4.8887034 52.3686609),,,,"Su-Th 09:00-24:00, Fr-Sa 09:00-01:00",,https://www.luxembourg.nl,,,,,+31 20 620 6264,dutch,,,,,,2023-06-27,,,,,,,,,,,,,,,,,,,,,,,,,,,,,,,,,,,,,,,,,,,,,,,,,,,,,,,,,,502.4259397515475
,,,,,restaurant,,Ponte Arcari,,,,,no,POINT (4.8961886 52.3645714),,,,,,,,,,,,,,,,,,2023-04-12,,,,,,,,,,,,,,,,,,,,,,,,,,,,,,,,,,,,,,,,,,,,,,,,,,,,,,,,,,592.5949515239837
Amsterdam,NL,63,1017NH,Lange Leidsedwarsstraat,restaurant,,Piccolino,,,,,no,POINT (4.8852731 52.3636053),,,,,,https://www.ristorantepiccolino.nl,,,,,,italian,,,,,,,,,,,,,,,,,,,,,,,,,,,,,,,,,,,,,,,,,,,,,,,,,,,,,,,,,,,,,,,,70.7313623169212
Amsterdam,NL,1,1071XZ,Hobbemastraat,restaurant,,Momo,,,,,no,POINT (4.8825862 52.3615027),,,,,,https://www.momo-amsterdam.com,,,,,,,,,,,,,,,,,,,,Momo Club,,,,,,,,,,,,,,,,,,,,,,,,,,,,,,,,,,,,,,,,,,,,,,,,,,141.68099055074634
Amsterdam,NL,294-302,1012VX,Spuistraat,restaurant,,d'Vijff Vlieghen,,,,,limited,POINT (4.8886397 52.369578),,,,,,http://www.d-vijffvlieghen.com,,,,,,dutch,,,,,,,,,http://vijffvlieghen.nl,,,,,,also entrance in Vliegende Steeg ?,,,,,,,,,,,,,,,,,,,,,,,,,,,,,,,,,,,,,,,,,,,,,,,,,568.0610592806017
,,,,,restaurant,,Oma,,,,,,POINT (4.8851836 52.3630587),,,,,,,,,,,,,,,,,,,,,,,,,,,,vegetarian,,,,,,,,,,,,,,,,,,,,,,,,,,,,,,,,,,,,,,,,,,,,,,,,43.79309100495712
,,,,,restaurant,,Stoop & Stoop Eetcafé,,,,,,POINT (4.8838952 52.3642795),,,,,,http://www.stoopenstoop.nl,,,,,,,,,,,,,,,,,,,,,,,,,,,,,,,,,,,,,,,,,,,,,,,,,,,,,,,,,,,,,,,,,,,,,,108.1515587222274
,,,,,restaurant,,Pancake Corner Restaurant,,,,no,limited,POINT (4.88345 52.3640344),,,,,,,,,,,,pancake,,,,,,,,,,,,,,,,,,,,,,,,,,,,,,,,,,,,,,,,,,,,,,,,,,,,,,,,,,,,,,,,96.2569005757695
Amsterdam,,7,1017RP,Kleine-Gartmanplantsoen,restaurant,,Palladium Restaurant Club,,,,,no,POINT (4.8835286 52.3635772),,,,Mo-Th 10:00-01:00; Fr-Sa 10:00-03:00,,https://www.palladiumamsterdam.nl/,,,,,+31 20 620 5536,,,,,,,,,,,,palladiumamsterdam,,palladiumamsterdam,,,,,,,,,,,,,,,,,,,,,,,,,,,,,,,,,,,,,,,,,,,,,,,,,,,63.02695656230309
,,,,,restaurant,,Rancho Steakhouse,,,,,no,POINT (4.8911573 52.3688767),,,,,,,,,,,,,,,,,,,,,,,,,,,,,,,,,,,,,,,,,,,,,,,,,,,,,,,,,,,,,,,,,,,,,,,,,,,,577.6560993225891
Amsterdam,,4,1072MH,Marie Heinekenplein,restaurant,,Nam Kee,,,,,yes,POINT (4.8911961 52.3574253),,,,,,,,,,,,chinese,,,,,,,,,,,,,,,,,,Nam Kee,Nam Kee,南記,,,,,,,,,,,,,,,,,,,,,,,,,,,,,,,,,,,,,,,,,,,,552.0314477448524
Amsterdam,,68,1016CP,Leidsegracht,restaurant,,Casa Peru,,,,,no,POINT (4.8829961 52.3664389),,wlan,no,17:30-24:00,sidewalk,https://www.casaperu.nl,,,,,,peruvian,,,,,,,,,,,,,,,,,,,,,,,,,,,,,,,,,,,,,,,,,,,,,,,,,,,,,,,,,,,,,,,,285.1314661938426
Amsterdam,,29,1054AN,Bosboom Toussaintstraat,restaurant,,De Italiaan,,,,,,POINT (4.8763748 52.3654913),,,,,yes,https://www.deitaliaan.com/,,,,,,italian,,,,,,,,,,,,,,,,,,,,,,,,,,,,,,,,,,,,,,,,,,,,,,,,,,,,,,,,,,,,,,,,435.779404839144
,,,,,restaurant,,de Oesterbar,,,,,,POINT (4.8827741 52.3647013),,,,,,http://www.oesterbar.nl,,,,,,fish,,,,,,,,,,,,,,,,,,,,,,,,,,,,,,,,,,,,,,,,,,,,,,,,,,,,,,,,,,,,,,,,158.41200391717996
,,,,,restaurant,,Antonio's Restaurante,,,,,,POINT (4.88489 52.3636482),,,,,,,,,,,,italian,,,,,,,,,,,,,,,,,,,,,,,,,,,,,,,,,,,,,,,,,,,,,,,,,,,,,,,,,,,,,,,,62.956959769893324
Amsterdam,,49,1017NG,Lange Leidsedwarsstraat,restaurant,,Bojo,,,,,no,POINT (4.8847921 52.3639322),,,,Mo-Su 16:00-24:00,,https://www.bojo.nl/,,,,,,indonesian,,,,,,,,,,,,,,,,,,,,,,,,,,,,,,,,,,,,,,,,,,,,,,,,,,,,,,,,,,,,,,,,82.2080380130613
,,,,,restaurant,,Chicano's,,,,,,POINT (4.8847449 52.363749),,,,,,,,,,,,mexican,,,,,,,,,,,,,,,,,,,,,,,,,,,,,,,,,,,,,,,,,,,,,,,,,,,,,,,,,,,,,,,,67.63422453643363
,,,,,restaurant,,De blauwe Hollander,,,,,,POINT (4.8847235 52.3635484),,,,,,https://www.deblauwehollander.nl,,,,,,regional,,,,,,,,,,,,,,,,,,,,,,,,,,,,,,,,,,,,,,,,,,,,,,,,,,,,,,,,,,,,,,,,52.34174636567686
,,,,,restaurant,,El Rancho,,,,,,POINT (4.8845402 52.3638816),,,,,,,,,,,,argentinian,,,,,,,,,,,,,,,,,,,,,,,,,,,,,,,,,,,,,,,,,,,,,,,,,,,,,,,,,,,,,,,,75.56008228052814
,,,,,restaurant,,Greek,,,,no,yes,POINT (4.8841943 52.3643571),,,,,,,,,,,,greek,,,,,,,,,,,,,,,,,,,,,,,,,,,,,,,,,,,,,,,,,,,,,,,,,,,,,,,,,,,,,,,,112.60100861091401
,,,,,restaurant,,Los Amigos,,,,,,POINT (4.8842525 52.3642942),,,,,,http://www.restaurant-losamigos.com,,,,,,argentinian,,,,,,,,,,,,,,,,,,,,,,,,,,,,,,,,,,,,,,,,,,,,,,,,,,,,,,,,,,,,,,,,107.5042392834892
,,,,,restaurant,,Mimo,,,,,,POINT (4.8843814 52.3642096),,,,,,,,,,,,italian,,,,,,,,,,,,,,,,,,,,,,,,,,,,,,,,,,,,,,,,,,,,,,,,,,,,,,,,,,,,,,,,100.82124928261506
,,,,,restaurant,,Mykonos,,,,,,POINT (4.8846815 52.3640102),,,,,,,,,,,,greek,,,,,,,,,,,,,,,,,,,,,,,,,,,,,,,,,,,,,,,,,,,,,,,,,,,,,,,,,,,,,,,,86.8664625713216
Amsterdam,,19,1017NE,Lange Leidsedwarsstraat,restaurant,,O' Sole Mio,,,,,,POINT (4.8841433 52.3644198),,,,Mo-Fr 15:00 - 23:00; Sa-Su 13:00 - 23:00,,https://www.osolemio.nl/,,,,,+31 20 623 7360,italian,,,,,,,,,,info@osolemio.nl,,,,,,,,,,,yes,yes,,,,,,,,,,,,,,,,,,,,,,,,,,,,,,,,,,,,,,,,,,117.71789778528445
,,,,,restaurant,,Peppino,,,,,no,POINT (4.8846075 52.3634912),,,,,,https://www.ristorantepeppino.nl,,,,,,italian,,,,,,,,,,,,,,,,,,,,,,,,,,,,,,,,,,,,,,,,,,,,,,,,,,,,,,,,,,,,,,,,46.08164621075055
,,,,,restaurant,,Pisa,,,,,,POINT (4.8839811 52.3644852),,,,,,,,,,,,italian,,,,,,,,,,,,,,,,,,,,,,,,,,,,,,,,,,,,,,,,,,,,,,,,,,,,,,,,,,,,,,,,123.65818694533532
Amsterdam,,94,1017NM,Lange Leidsedwarsstraat,restaurant,,Royal Thai,,,,,,POINT (4.8842311 52.3641259),,,,"Mo-Fr 15:00-24:00; Sa,Su 12:00-24:00",yes,https://www.royal-thai.nl/,,,,,+31 20 626 7261,thai;thai_restaurant;seafood,,,,,,,,,,info@royal-thai.nl,,,,,,,,,,,yes,yes,2003,,,,,,,,,,,,,,,,,,,,,,,,,,,,,,,,,,,,,,,,,94.16510679973491
,,,,,restaurant,,Tapas,,,,,,POINT (4.8849795 52.3637854),,,,,,,,,,,,spanish,,,,,,,,,,,,,,,,,,,,,,,,,,,,,,,,,,,,,,,,,,,,,,,,,,,,,,,,,,,,,,,,74.65908743642873
,,,,,restaurant,,Mr Tong's,,,,,,POINT (4.8848237 52.3633343),,,,,,,,,,,,chinese,,,,,,,,,,,,,,,,,,,,,,,,,,,,,,,,,,,,,,,,,,,,,,,,,,,,,,,,,,,,,,,,40.145825589965
,,,,,restaurant,,Zorba de Griek,,,,,yes,POINT (4.8851083 52.3637257),,,,,,,,,,,,greek,,,,,,,,,,,,,,,,,,,,,,,,,,,,,,,,,,,,,,,,,,,,,,,,,,,,,,,,,,,,,,,,73.56345581547826
Amsterdam,,86,1017NM,Lange Leidsedwarsstraat,restaurant,,Do Brasil,,,,,,POINT (4.8840332 52.3641938),,,,,,https://www.leidseplein.amsterdam/restaurant/restaurant-do-brasil,,,,,,brasil,,,,,,,,,,,,,,,,,,,,,,,,,,,,,,,,,,,,,,,,,,,,,,,,,,,,,,,,,,,,,,,,100.36377732187887
,,,,,restaurant,,il Palio,,,,,,POINT (4.8849115 52.3633969),,,,,yes,,,,,,,italian,,,,,yes,,,,,,,,,,,,,,,,,,,,,,,,,,,,,,,,,,,,,,,,,,,,,,,,,,,,,,,,,,,46.70159319940436
,,,,,restaurant,,"""Mama""",,,,,,POINT (4.8846914 52.3631784),,,,,,,,,,,,,,,,,,,,,,,,,,,,grill,,,,,,,,,,,,,,,,,,,,,,,,,,,,,,,,,,,,,,,,,,,,,,,,26.615190111088413
,,,,,restaurant,,Ceppi’s,,,,,,POINT (4.8850519 52.3628586),yes,,,,,,,,,yes,,regional,,,,https://www.ceppis.com/,,,,,,,,,ceppis.trattoria,,,,,,,,,,,Dubbel,,,,,,,,,,,,,,,,,,,,,,,,,,,,,,,,,,,,,,,,36.990157199174625
,,,,,restaurant,,El Patio Granada,,,,,,POINT (4.8854166 52.3635176),,,,,,https://www.granadarestaurant.nl,,,,,,,,,,,,,,,,,,,,,,spanish,,,,,,,,,,,,,,,,,,,,,,,,,,,,,,,,,,,,,,,,,,,,,,,,70.87872180787573
,,,,,restaurant,,Leeuw,,,,,,POINT (4.8848025 52.3630944),,,,,,,,,,,,thai,,,,,,,,,,,,,,,,,,,,,,,,,,,,,,,,,,,,,,,,,,,,,,,,,,,,,,,,,,,,,,,,27.112305445575764
,,,,,restaurant,,Madras,,,,,,POINT (4.8848499 52.3630641),,,,,,,,,,,,indian,,,,,,,,,,,,,,,,,,,,,,,,,,,,,,,,,,,,,,,,,,,,,,,,,,,,,,,,,,,,,,,,28.279690370693206
,,,,,restaurant,,Maya,,,,yes,yes,POINT (4.8844538 52.3636051),,,,,,,,,,,,,,,,,,,,,,,,,,,,grill,,,,,,,,,,,,,,,,,,,,,,,,,,,,,,,,,,,,,,,,,,,,,,,,53.20588681990525
Amsterdam,,203,1017RB,Korte Leidsedwarsstraat,restaurant,,Mayur,,,,,no,POINT (4.8861759 52.3623426),,,,,,https://www.mayur.nl,,,,,,indian,,,,,,,,,,,,,,,,,,,,,,,,,+31 20 623 2142,,,,,,,,,,,,,,,,,,,,,,,,,,,,,,,,,,,,,,,102.7905802379421
,,,,,restaurant,,In de Buurt,,,,,limited,POINT (4.8845121 52.3630261),,,,,,,,,,,+31 20 616 4787,,,,,,,,,,,,,,,,,,,,,,,,,,,,,,,,,,,,,,,,,,,,,,,,,,,,,,,,,,,,,,,,,12.13307454683402
,,,,,restaurant,,Porto Carrara,,,,,,POINT (4.8852647 52.3634013),,,,,,https://www.portocarrara.nl/,,,,,,pizza,,,,,,,,,,,,,,,,,,,,,,,,,,,,,,,,,,,,,,,,,,,,,,,,,,,,,,,,,,,,,,,,59.311242000392646
,,,,,restaurant,,Sherpa,,,,,yes,POINT (4.8847519 52.3631367),,,,,,,,,,,,,,,,,,,,,,,,,,,,nepal,,,,,,,,,,,,,,,,,,,,,,,,,,,,,,,,,,,,,,,,,,,,,,,,26.729211326483274
Amsterdam,,139-141,1017PZ,Korte Leidsedwarsstraat,restaurant,,Taste of Culture,,,,,,POINT (4.8851368 52.3631049),,,,Su-Th 17:30-01:00; Fr-Sa 17:30-02:00,,http://tasteofculture.nl,,,,,+31 20 427 1136,chinese,,,,,,,,,,,,,,,,,,,,,,,,,,,,,,,,,,,,,,,,,,,,,,,,,,,,,,,,,,,,,,,,42.54053810343965
Amsterdam,,54,,Lange Leidsedwarsstraat,restaurant,,El Vino,,,,,,POINT (4.8848889 52.3639005),,,,,,,,,,,,mexican,,,,,,,,,,,,,,,,,,,,,,,,,,,,,,,,,,,,,,,,,,,,,,,,,,,,,,,,,,,,,,,,81.32543101511189
,,,,,restaurant,,Bombay inn,,,,,,POINT (4.8826496 52.3651399),,,,,,,,,,,,indian,,,,,,,,,,,,,,,,,,,,,,,,,,,,,,,,,,,,,,,,,,,,,,,,,,,,,,,,,,,,,,,,192.3471259886318
,,,,,restaurant,,Granada,,,,,limited,POINT (4.8853422 52.3636437),,,,,,https://www.granadarestaurant.nl,,,,,,,,,,,,,,,,,,,,,,spanish,,,,,,,,,,,,,,,,,,,,,,,,,,,,,,,,,,,,,,,,,,,,,,,,75.24921484637831
,,,,,restaurant,,Japan Inn,,,,,,POINT (4.8854331 52.3638952),,,,,,https://www.japaninn.nl,,,,,,japanese,,,,,,,,,,,,,,,,,,,,,,,,,,,,,,,,,,,,,,,,,,,,,,,,,,,,,,,,,,,,,,,,93.58511011604051
,,,,,restaurant,,Los Argentinos,,,,,limited,POINT (4.8854787 52.3637143),,,,,,http://www.losargentinos.nl,,,,,,,,,,,,,,,,,,,,,,argentina,,,,,,,,,,,,,,,,,,,,,,,,,,,,,,,,,,,,,,,,,,,,,,,,83.87488559107723
,,,,,restaurant,,Moshi Moshi,,,,,,POINT (4.8854104 52.36368),,,,,,,,,,,,japanese,,,,,,,,,,,,,,,,,,,,,,,,,,,,,,,,,,,,,,,,,,,,,,,,,,,,,,,,,,,,,,,,79.61706156800642
,,,,,restaurant,,The Guru of India,,,,,,POINT (4.8828626 52.3650182),,,,,,,,,,,,indian,,,,,,,,,,,,,,,,,,,,,,,,,,,,,,,,,,,,,,,,,,,,,,,,,,,,,,,,,,,,,,,,179.3050185973405
Amsterdam,,11,1017BJ,Reguliersdwarsstraat,restaurant,,Phutakun,,,,,yes,POINT (4.8895918 52.3668108),,,,"Su, Mo, We-Fr 15:00-22:30, Sa 14:00-22:30",,https://phutakun.nl,,,,,+31 20 428 1887,thai,,,,,,,,,,,,,,,,,,,,,,,,,,yes,,,,,,,,,,,,,,,,,,,,,,,,,,,,,,,,,,,,,,400.9359933962867
Amsterdam,,5,1017BJ,Reguliersdwarsstraat,restaurant,,Verona,,,,,no,POINT (4.8895201 52.3668368),,,,,,https://veronaristorante.nl/,,,,,,italian,,,,,,,,,,,,,,,,,,,,,,,,,,,,,,,,,,,,,,,,,,,,,,,,,,,,,,,,,,,,,,,,400.3022025582604
,,,,,restaurant,,Ristorante Saturnino,,,,,no,POINT (4.8894283 52.3668692),,,,Mo-Su 12:00-23:30,,,,,,,,italian,,,,,,,,,www.saturnino.nl,,,,,,,,,,,,,,,,,,,,,,,,,,,,,,,,,,,,,,,,,,,,,,,,,,,,,,,399.49415647837003
Amsterdam,,51,1017RP,Kleine-Gartmanplantsoen,restaurant,,Pancake Corner,,,,,limited,POINT (4.8838974 52.3628007),,,,Mo-Su 09:00-22:00,,https://pancake-corner.nl,,,,,+31 20 627 6303,,,,,,,,,,,,,,,,,,,,,,,,,,,,,,,,,,,,,,,,,,,,,,,,,,,,,,,,,,,,,,,,,22.749756189462538
,,,,,restaurant,,De Smoeshaan,,,,yes,yes,POINT (4.8805712 52.3640307),,,,,,,,,,,,international,,,,,,,,,,,,,,,,,,,,,,,,,,,,,,,,,,,,,,,,,,,,,,,,,,,,,,,,,,,,,,,,201.1879625804243
Amsterdam,,21,1017BJ,Reguliersdwarsstraat,restaurant,,Middl Eat,,BAG,2014-02-11,,limited,POINT (4.8899888 52.3666351),yes,,,Mo-Fr 09:00-01:00; Sa-Su 09:00-03:00,,https://www.middleat-amsterdam.nl,,,,yes,+31 20 845 8144,mediterranean,,,,,,,,,,,Middl.Eat.Nl,,middl.eat,,,,,,,,,,,,,,,,,,,,,,,,,,,,,,,,,,,,,,,,,,,,,,,,,,,403.3227851975217
Amsterdam,NL,31,1071ZD,Stadhouderskade,restaurant,,Srikandi,,,,,,POINT (4.8836467 52.3614794),,,,,,,,,,,,indonesian,,,,,,,,,,,,,,,,,,,,,,,,,,,,,,,,,,,,,,,,,,,,,,,,,,,,,,,,,,,,,,,,120.56927443073386
Amsterdam,NL,312,1016EX,Keizersgracht,restaurant,,De Struisvogel,,,,,no,POINT (4.8842823 52.3704351),,,,,,http://www.restaurantdestruisvogel.nl/,,,,,+31 20 423 3817,,,,,,,,,,,info@restaurantdestruisvogel.nl,,,,,,,,,,,,,,,,,,,,,,,,,,,,,,,,,,,,,,,,,,,,,,,,,,,,,,595.5648849381846
Amsterdam,NL,12,1016GH,Berenstraat,restaurant,2023-03-10,Het Zwaantje,,BAG,2014-02-11,,no,POINT (4.8838082 52.3704557),no,,,Mo-Su 16:30-23:00,,http://www.zwantjee-restaurant.nl,,,,,+31 20 623 2373,,,,,,,,,,,info@zwantjee-restaurant.nl,,,,,,dutch,,,,,,,,,,,,,,no,no,,,,,,,,,,,,,,,,,,,,,,,,,,,,,,,,,597.6882624669988
Amsterdam,,16,1016EP,Wolvenstraat,restaurant,,Sous Bar Bistro,,observation dec 30 2012,,,no,POINT (4.8858097 52.370378),,,,24/7,,https://sousamsterdam.nl,,,,,+31 20 639 0351,international,,,,,,,,,,info@sousamsterdam.nl,,,,,live music Monday night,,,,,,,,,,,,,,,,,2022-12-09,,,,,,,,,,,,,,,,,,,,,,,,,,,,,,,,595.548453385228
Amsterdam,,69,1017PW,Korte Leidsedwarsstraat,restaurant,,Maximus Pizzeria - Steakhouse,,,,,limited,POINT (4.8836566 52.3641394),,,,,,,,,,,+31 20 627 0580,,,,,,,,,,,,,,,,,,,,,,,,,,,,,,,,,,,,,,,,,,,,,,,,,,,,,,,,,,,,,,,,,100.24904204080241
Amsterdam,NL,51,1017PW,Korte Leidsedwarsstraat,restaurant,,Sumo,,,,,limited,POINT (4.882715 52.3647599),,,,,,https://www.restaurantsumo.com/,,,,,,japanese,,Sumo,,,,,,,,,,,,,,Sumo,,,,,,,,,,,,,,,,,,,,,,,,,,,,,,,,,,,,,,,,,,,,,,,,163.87499402706143
Amsterdam,,10,,Ferdinand Bolstraat,restaurant,,Kaasbar,,,,no,limited,POINT (4.8905157 52.3572817),,,,,,,,,,,,,,,,,,,,,http://www.detaart.com,,,,,,,,,,,,,,,,,,,,,,,,,,,,,,,,,,,,,,,,,,,,,,,,,,,,,,,542.0024528270989
,,,,,restaurant,,Yuan's Hot Pot,,,,,no,POINT (4.8904953 52.3570239),,,,,,,,,,,,,,,,,,,,,,,,,,,Shabu Shabu has moved to Rembrandtplein.,,,,,,,,,,,,,,,,,,,,,,,,,,,,,,,,,,,,,,,,,,,,,,,,,558.5916970352918
,,,,,restaurant,,Taj,,,,no,yes,POINT (4.891031 52.3574228),,,,,,,,,,,,indian,,,,,,,,,,,,,,,,,,,,,,,,,,,,,,,,,,,,,,,,,,,,,,,,,,,,,,,,,,,,,,,,547.3470291271993
Amsterdam,,41,1072BD,Eerste Jacob van Campenstraat,restaurant,,Walia Ibex,,,,,,POINT (4.8896773 52.357553),yes,,,,,https://www.restaurantwaliaibex.nl,,,,,,african,,,,,,,,,,,,,,,Ethiopian cusine,,,,,,,,,,,,,,,,,,,,,,,,,,,,,,,,,,,,,,,,,,,,,,,,,501.8265079452608
,,,,,restaurant,,Frens Haringhandel,,,,,yes,POINT (4.8894442 52.3672975),,,,Mo-Su 12:00-18:00,,,,,,,,seafood,,,,,,,,,,,,,,,,,,,,,,,,,,,,,,,,,,,,,,,,,,,,,,,,,,,,,,,,,,,,,,,,427.0737133072518
Amsterdam,,8-BG,1017DE,Nieuwe Spiegelstraat,restaurant,,Pasta e Basta,,020-4222222,,,no,POINT (4.8897795 52.3648567),,,,,yes,https://www.pastaebasta.nl,,,,,,italian,,,,,yes,2023-05-12,,,,,,,,,,,,,,,,,,,,,,,,,,,,,,,,,,,,,,,,,,,,,,,,,,,,,,,,,,306.82250441841757
Amsterdam,,20,1017BM,Reguliersdwarsstraat,restaurant,,Seoul Sista,,,,no,limited,POINT (4.889928 52.3664957),,,,Mo-Su 16:45-23:00,,https://www.seoulsista.nl/eng/amsterdam-reguliersdwars-en/,,,,,+31 20 247 0888,barbecue;korean,,,,,,,,,,reservationsrds@seoulsista.nl,,,17841406347170097,,,,,,,,,,,,,,,,,,,,+31 20 623 0302,,,,,,,,,,,,,,,,,,,,,,,,,,,,,,,393.2682854967765
Amsterdam,,402,,Marnixstraat,restaurant,,Grand Café DeLaMar,,,,,yes,POINT (4.8810039 52.3642547),,,,,,https://delamar.nl/,,,,,,,,,,,,,,,,,,,,,,,,,,,,,,,,,,,,,,,,,,,,,,,,,,,,,,,,,,,,,,,,,,,,,,191.4938220514465
,,,,,restaurant,,Khorat,,,,,no,POINT (4.8736896 52.3619696),yes,,,,,https://www.khorattopthai.nl/,,,,yes,,thai,,,,,,,,,,,,,,,,,,,,,,,,,,,,,,,,,,,,,,,,,,,,,,,,,,,,,,,,,,,,,,,,522.2320611924661
,,,,,restaurant,,Dosa,,,,,no,POINT (4.8733405 52.3624583),yes,,,,no,https://www.dosaamsterdam.nl/,,,,yes,,indian,,,,,yes,,,,,,,,,,,,,,,,,,,,,,,,,,,,,,,,,,,,,,,,,,,,,,,,,,,,,,,,,,,534.848553061732
,,,,,restaurant,,Kartika,,,,,,POINT (4.8760412 52.3631469),,,,,,http://www.restaurantkartika.com/,,,,,,indonesian,,,,,,,,,,,,,,,,,,,,,,,,,,,,,,,,,,,,,,,,,,,,,,,,,,,,,,,,,,,,,,,,402.3802006243503
,,,,,restaurant,,Trattoria Totò,,,,,,POINT (4.8753654 52.3623193),,,,,no,http://www.trattoriatoto.nl/,,,,,,italian,,,,,yes,,,,,,,,,,,,,,,,,,,,,,,,,,,,,,,,,,,,,,,,,,,,,,,,,,,,,,,,,,,437.74451606068254
Amsterdam,,60-H,1054AV,Bosboom Toussaintstraat,restaurant,,Teds place,,BAG,2014-03-24,,,POINT (4.8747733 52.3652991),,,,,,https://teds-place.nl/,,,,,,burger,,,,,,2023-04-21,,,,,,,,,,,,,,,,,,,,,,,,,,,,,,,,,,,,,,,,,,,,,,,,,,,,,,,,,,500.1464486149048
Amsterdam,,28,1054AS,Bosboom Toussaintstraat,restaurant,,Gertrude,,,,,,POINT (4.8761265 52.3656922),,,,,,https://gertrudeamsterdam.nl,,,,,,,,,,,,,,,,,,,,,,,,,,,,,,Narbonne,,,,,,,,,,,,,,,,,,,,,,,,,,,,,,,,,,,,,,,,453.9791078941864
Amsterdam,,15,1054BP,Eerste Constantijn Huygensstraat,restaurant,,Pastis,,,,,,POINT (4.8744261 52.364907),,,,,,https://www.pastisamsterdam.nl,,,,,,french,,,,,,,,,,,,,,,,,,,,,,,,,,,,,,,,,,,,,,,,,,,,,,,,,,,,,,,,,,,,,,,,505.3673902098419
Amsterdam,,70,1054AV,Bosboom Toussaintstraat,restaurant,,Zina,,,,,,POINT (4.87432 52.3651864),,,,,,http://www.restaurantzina.com/,,,,,,north_african,,,,,,,,,,,,,,,,,,,,,,,,,,,,,,,,,,,,,,,,,,,,,,,,,,,,,,,,,,,,,,,,517.5071973652933
Amsterdam,,33,,Eerste Helmersstraat,restaurant,,Hap Hmm,,knowledge,,,limited,POINT (4.8762231 52.3636692),yes,wlan,customers,Mo-Fr 17:00-21:15,yes,https://www.hap-hmm.nl/,,,,no,+31 20 770 8924,dutch,,,,,yes,,,,,,https://www.facebook.com/RestaurantHapHmm/,,https://www.instagram.com/haphmm/,,,,,,,,,,,,,,,,,,,,,,,,,,,,,,,,,,,,,,,,,,,,,,,,,,,397.4227550094707
Amsterdam,,176,1054HR,Overtoom,restaurant,,Dionysos Taverna,,,,,no,POINT (4.872408 52.3622131),,,,,yes,,,,,,,greek,,,,,yes,,,,,,,,,,,,,,,,,,,,,,,,,,,,,,,,,,,,,,,,,,,,,,,,,,,,,,,,,,,581.7324643181682
Amsterdam,,32,1072LK,Ferdinand Bolstraat,restaurant,,The Seafood Bar,,,,no,limited,POINT (4.8904068 52.3564701),,,,,,https://www.theseafoodbar.com/,,,,,,,,,,,,,,,,,,,,,,,,,,,,,,,,,,,,,,,,,,,,,,,,,,,,,,,,,,,,,,,,,,,,,,593.9664949882421
Amsterdam,,63,1072BM,Frans Halsstraat,restaurant,,Da Portare Via,,,,,,POINT (4.8888207 52.3559435),,,,,,http://daportarevia.nl,,,,,,pizza,,,,,,,,,,,,,,,,,,,,,,,,,,,,,,,,,,,,,,,,,,,,,,,,,,,,,,,,,,,,,,,,598.1003025251607
Amsterdam,,5-8,1072MH,Marie Heinekenplein,restaurant,,De kleine Valk,,,,no,limited,POINT (4.891505 52.3573485),,,,,,http://www.dekleinevalk.nl,,,,,,,,,,,,,,,,,,,,,,,,,De kleine Valk,,,,,,,,,,,,,,,,,,,,,,,,,,,,,,,,,,,,,,,,,,,,,566.0720545608848
Amsterdam,,41-43,1017GB,Kerkstraat,restaurant,,Café De Klos,,,,,no,POINT (4.8856662 52.3653542),,,,Mo-Su 16:00-23:00,,https://dekloscafe.wordpress.com,,,,,+31 20 625 3730,barbeque,,,,,,2023-04-10,,,,,,,,,,,,,,,,,,,,,,,,,,,,,,,,,,,,,,,,,,,,,,,,,,,,,,,,,,202.85892716152892
Amsterdam,,20-H,1016GH,Berenstraat,restaurant,,Libertine Comptoir de Cuisine,,BAG,2014-02-11,,,POINT (4.8835144 52.3704638),,,,,,,,,,,,,,,,,,,,,,,,,,,,,,,,,,,,,,,,,,,,,,,,,,,,,,,,,,,,,,,,,,,,,,,,,,,,599.0781303690645
Amsterdam,,426-H,1017AV,Singel,restaurant,,Casa di David,,BAG,2014-02-11,,no,POINT (4.8877667 52.3683332),,,,,,https://www.casadidavid.com/,,,,,,italian,,,,,,2023-04-10,,,,,,,,,,,,,,,,,,,,,,,,,,,,,,,,,,,,,,,,,,,,,,,,,,,,,,,,,,460.432653024361
Amsterdam,,291B,1012VS,Spuistraat,restaurant,,Kantjil & De Tijger,,BAG,2014-02-11,no,yes,POINT (4.8889309 52.3692657),,,,,,https://kantjil.nl,,,,,,indonesian,,,,,,,,,,,,,,,,,,,,,,,,,,,,,,,,,,,,,,,,,,,,,,,,,,,,,,,,,,,,,,,,550.7302285708674
Amsterdam,,304,1012VX,Spuistraat,restaurant,,Sagardi,,BAG,2014-02-11,,,POINT (4.8886343 52.3693981),,,,,,https://sagardi.nl/,,,,,,basque,,,,,,,,,,,,,,,,,,,,,,,,,,,,,,,,,,,,,,,,,,,,,,,,,,,,,,,,,,,,,,,,554.7105068949667
Amsterdam,,306,1012VX,Spuistraat,restaurant,,Luden,,BAG,2014-02-11,,no,POINT (4.8886235 52.3693703),,,,,,http://ludenamsterdam.nl/,,,,,,regional,,,,,,,,,,,,,,,,,,,,,,,,,,,,,,,,,,,,,,,,,,,,,,,,,,,,,,,,,,,,,,,,552.4670552913095
Amsterdam,,320,1012VX,Spuistraat,restaurant,,Dante,,BAG,2014-02-11,,no,POINT (4.8885882 52.3691074),,,,,,https://www.amsterdamdante.nl/,,,,,,,,,,,,,,,,,,,,,,,,,,,,,,,,,,,,,,,,,,,,,,,,,,,,,,,,,,,,,,,,,,,,,,532.5271662560535
Amsterdam,,346A,1012RX,Nieuwezijds Voorburgwal,restaurant,,Trattoria Da Tonino,,BAG,2014-02-11,,limited,POINT (4.8891393 52.3690672),,,,,,https://trattoriadatonino.nl/,,,,,,italian,,,,,,,,,,,,,,,,,,,,,,,,,,,,,,,,,,,,,,,,,,,,,,,,,,,,,,,,,,,,,,,,540.7044354477074
Amsterdam,,10-12,1012XL,Voetboogstraat,restaurant,,Eetcafé 't Pakhuis,,BAG,2014-02-11,,no,POINT (4.8906317 52.3682105),,,,Mo-Su 13:00-22:30,,https://eetcafehetpakhuis.nl/nl/,,,,,,steak_house,,,,,,,,,,,eetcafehetpakhuis,,pakhuisadam,,,,,,,,,,,,,,,,,,,,,,,,,,,,,,,,,,,,,,,,,,,,,,,,,,,519.7477550749201
Amsterdam,,132-H,1012LD,Rokin,restaurant,,Maria Ristorante,,BAG,2014-02-11,,no,POINT (4.89216 52.3683459),,,,,,,,,,,,,,,,,,,,,,,,,,,,,,,,,,,,,,,,,,,,,,,,,,,,,,,,,,,,,,,,,,,,,,,,,,,,574.9629429756008
Amsterdam,,15,1012WX,Spui,restaurant,,The Seafood Bar,,BAG,2014-02-11,,no,POINT (4.890586 52.3687252),,,,,,https://www.theseafoodbar.com/,,,,,,seafood,,,,,,2023-06-27,,,,,,,,,,,,,,,,,,,,,,,,,,,,,,,,,,,,,,,,,,,,,,,,,,,,,,,,,,552.0030746739428
Amsterdam,,17A,1012XM,Handboogstraat,restaurant,,Cannibale Royale,,BAG,2014-02-11,,limited,POINT (4.890326 52.3679936),,,,Su-Th 18:00-01:00; Fr-Sa 18:00-02:00,,https://www.cannibaleroyale.nl,,,,,+31202337160,,,,,,,,,,,bookingcr@cannibaleroyale.nl,,,cannibaleroyale,,,,,,,,,,,,,,,,,,,,,,,,,,,,,,,,,,,,,,,,,,,,,,,,,,,497.05119539838296
Amsterdam,,6-H,1012XL,Voetboogstraat,restaurant,,The Chicken Bar,,BAG,2014-02-11,,no,POINT (4.8905863 52.3682911),,,,,,http://chickenbar.amsterdam,,,,,,,,,,,,,,,,,,,,,,,,,,,,,,,,,,,,,,,,,,,,,,,,,,,,,,,,,,,,,,,,,,,,,,523.6301369459557
Amsterdam,,125,1017BC,Reguliersdwarsstraat,restaurant,,Steakhouse Tango,,BAG,2014-02-11,,no,POINT (4.8950905 52.365895),,,,Mo-Su 12:00-23:00,,https://www.tangogrill.nl/,,,,,+31 20 334 6692,,,,,,,2023-05-10,,,,info@tangogrill.nl,,,,,,,,,,,,,,,,,,,,,,,,,,,,,,,,,,,,,,,,,,,,,,,,,,,,,,574.923652894403
Amsterdam,,131,1017BL,Reguliersdwarsstraat,restaurant,,tomo sushi,,,2014-02-11,,limited,POINT (4.8953124 52.3658664),,,,,,,,,,,,japanese,,,,,,2023-05-10,,,,,,,,,,,,,,,,,,,,,,,,,,,,,,,,,,,,,,,,,,,,,,,,,,,,,,,,,,583.887944928368
Amsterdam,,16-H,1017CS,Thorbeckeplein,restaurant,,Live Amsterdam restaurant and bar,,BAG,2014-02-11,,yes,POINT (4.8955705 52.3653916),,,,We-Thu 12:00-04:00; Fr-Sa 12:00-05:00; Su 12:00-04:00,,https://www.live-amsterdam.com,,,,,,,,,,,,,,,,,,,,,,,,,,,,,,,,,,,,,,,,,,,,,,,,,,,,,,,,,,,,,,,,,,,,,,581.7387894594815
Amsterdam,,4-1,1017CS,Thorbeckeplein,restaurant,,De Nachtwacht,,BAG,2014-02-11,,no,POINT (4.8955056 52.3656515),,,,,,,,,,,,steak_house,,,,,,,,,,,,,,,,,,,,,,,,,,,,,,,,,,,,,,,,,,,,,,,,,,,,,,,,,,,,,,,,586.0346989382774
Amsterdam,,41,1017HE,Vijzelstraat,restaurant,,Bella Regina,,BAG,2014-02-11,,yes,POINT (4.8933001 52.3659389),,,,Mo-Su 12:00-24:00,,https://www.bellaregina.nl/,,,,,,,,,,,,,,,,,,,,,,,,,,,,,,,,,,,,,,,,,,,,,,,,,,,,,,,,,,,,,,,,,,,,,,498.33236785582574
Amsterdam,,45,1017HE,Vijzelstraat,restaurant,,Senses by Lard Bertelsen,,BAG,2014-02-11,,,POINT (4.8932569 52.3658668),,,,We-Sa 18:00-23:00,,https://www.sensesrestaurant.nl/,,,,,+31 20 530 6266,local,,,,,,,,,,,,,,,,,,,,,,,,,,,,,,,,,,,,,,,,,,We-Sa 18:00-21:30,,,,,,,,,,,,,,,,,,,,,,493.76364610388794
Amsterdam,,5,1017CK,Muntplein,restaurant,,Chipsy King,,BAG,2014-02-11,no,limited,POINT (4.8935844 52.3667759),,,,,,,,,,,,,,,,,,,,,,,,,,,,,,,,,,,,,,,,,,,,,,,,,,,,,,,,,,,,,,,,,,,,,,,,,,,,544.7486754527207
Amsterdam,,5A,1017HD,Vijzelstraat,restaurant,,Asian Kitchen,,BAG,2014-02-11,,no,POINT (4.8934107 52.3665595),,,,,,,,,,,,,,,,,,2023-05-10,,,,,,,,,,,,,,,,,,,,,,,,,,,,,,,,,,,,,,,,,,,,,,,,,,,,,,,,,,528.2086752437465
Amsterdam,,7,1017CK,Muntplein,restaurant,,Pasta Factory,,BAG,2014-02-11,,limited,POINT (4.8935261 52.3667398),,,,,,http://pastafactoryamsterdam.nl,,,,,,,,,,,,,,,,,,,,,"Adres opgeheven volgens BAG, wordt wel nog gebruikt door het bedrijf.",,,,,,,,,,,,,,,,,,,,,,,,,,,,,,,,,,,,,,,,,,,,,,,,,540.7930565244859
Amsterdam,,72-H,1017BN,Reguliersdwarsstraat,restaurant,,Restaurant Shiva,,BAG,2014-02-11,,yes,POINT (4.8935199 52.3659664),,,,Mo-Su 17:00-21:00,,https://www.shivarestaurant.nl,,,,,+31 20 624 8713,indian,,,,,,,,,,,,,,,,,,,,,,,,,,,,,,,no,,,,,,,,,,,,,,,,,,,,,,,,,,,,,,,,,508.78084496353716
Amsterdam,,89-H;89,1017BK,Reguliersdwarsstraat,restaurant,,Argentijns Steakhouse Castillo,,BAG,2014-02-11,,yes,POINT (4.8936364 52.3660845),,,,,,https://www.castillo-amsterdam.com/,,,,,+31 20 620 1975,grill,,,,,,,,,,,,,,,,,,,,,,no,,,,,,,,,no,,,,,,,,,,,,,,,,,,,,,,,,,,,,,,,,,518.2413780005662
Amsterdam,,27,1017BJ,Reguliersdwarsstraat,restaurant,,Garlic Queen,,BAG;local knowledge,2014-02-11,,limited,POINT (4.8901805 52.366564),,,,,yes,https://www.garlicqueen.nl/,,,,,+31 20 422 6426,french,,,,,,,,,,info@garlicqueen.nl,garlicqueen,,https://instagram.com/explore/locations/3855598,,,,,,,,,,1997,,,,,,,,no,,,,,,,,,,,,garlicqueen2,,,,,,,,,,,,,,,,,,,,,405.746985103147
Amsterdam,,32-H,1017BM,Reguliersdwarsstraat,restaurant,,Black and Blue,,BAG,2014-02-11,no,yes,POINT (4.890756 52.3663234),,,,,,,,,,,,steak_house,,,,,,,,,,,,,,,,,,,,,,,,,,,,,,,,,,,,,,,,,,,,,,,,,,,,,,,,,,,,,,,,413.2592673447008
Amsterdam,,35,1017BK,Reguliersdwarsstraat,restaurant,,Sichuan Food,,BAG,2014-02-11,,limited,POINT (4.8905627 52.3665075),,,,Mo-Su 18:00-22:00,,http://sichuanfood.nl,Q7507429,nl:Sichuan Food,,,+31 20 626 9327,chinese,,,,,,,,,,,,,,,,,,Sichuan Food,,,,,,,,,,,,,,,,,,,,,,,,,,,,,,,,,,,,,,,,,,,,,,415.98740430107523
Amsterdam,,4-H,1017BC,Sint Jorisstraat,restaurant,,Maria to go,,BAG,2014-02-11,,,POINT (4.8903991 52.3667087),,,,Mo-Sa 10:00-21:00,,https://mariatogo.site123.me/,,,,,+31 6 87695637,,,,,,,,,,,mariatogoams@gmail.com,maria.togo.amsterdam,,,,,,,,,,,,,,,,,,,,,,,,,,,,,,,,,,,,,,,,,,,,,,,,,,,,,421.4023717144891
Amsterdam,,4-H,1017BE,Geelvinckssteeg,restaurant,,La Fucina,,BAG,2014-02-11,,no,POINT (4.8915128 52.3665503),,,,,,https://lafucina.nl,,,,,,italian,,,,,,,,,,,,,,,,,,,,,,,,,,,,,,,,,,,,,,,,,,,,,,,,,,,,,,,,,,,,,,,,453.075285095506
Amsterdam,,40,1017BM,Reguliersdwarsstraat,restaurant,,Secret Garden,,BAG,2014-02-11,,limited,POINT (4.8911676 52.3662625),,,,,yes,https://www.secretgardenamsterdam.com/,,,,,+31 20 247 4060,,,,,,,,,,,info@secretgardenamsterdam.com,secretgarden020,,secretgarden_amsterdam,,,,,,,,,,,,,,,,,,,,,,,,,,,,,,,,,,,,,,,,,,,,,,,,,,,425.65257316479006
Amsterdam,,49-H,1017BK,Reguliersdwarsstraat,restaurant,,Brasserie Je T'aime,,"BAG, local knowledge",2014-02-11,,limited,POINT (4.8911575 52.3664161),,,,,,,,,,,,,,,,,,,,,,,,,,,,,,,,,,,,,,,,,,,,,,,,,,,,,,,,,,,,,,,,,,,,,,,,,,,,432.9489843079948
Amsterdam,,57,1017BK,Reguliersdwarsstraat,restaurant,,Vegan Junk Food Bar,,BAG,2014-02-11,no,limited,POINT (4.8913863 52.3663983),,,,Mo-Th 12:00-23:00; Fr 12:00-01:00; Sa 11:00-01:00; Su 11:00-23:00,yes,https://www.veganjunkfoodbar.com/locations/reguliersdwarsstraat/,,,,yes,,burger,,,,,yes,2023-10-14,,,,,veganjunkfoodbarnl-105753638225281,,veganjunkfoodbar.nl,,,,,,,,,,,,,,,,,,,,,,,,no,,,,,,,yes,yes,,,,,,,,,,,,,,,,,,,440.69727852768654
Amsterdam,,6,1017BE,Geelvinckssteeg,restaurant,,Baibua,,BAG,2014-02-11,,no,POINT (4.891502 52.3665156),,,,,,https://baibuathaiseethuis.nl/,,,,,,,,,,,,2023-06-18,,,,,,,,,,,,,,,,,,,,,,,,,,,,,,,,,,,,,,,,,,,,,,,,,,,,,,,,,,450.9263827051845
Amsterdam,,7,1017BA,Beulingstraat,restaurant,,Pianeta Terra,,BAG,2014-02-11,,,POINT (4.887774 52.36802),,,,,,https://www.pianetaterra.nl/,,,,,,italian,,,,,,,,,,,,,,,,,,,,,,,,,,,,,,,,,,,,,,,,,,,,,,,,,,,,,,,,,,,,,,,,437.49742333343863
Amsterdam,,8,1017BM,Reguliersdwarsstraat,restaurant,,Bariloche,,BAG,2014-02-11,,no,POINT (4.8893177 52.3667544),,,,,,https://www.barilocheamsterdam.nl,,,,,,,,,,,,,,,,,,,,,,,,,,,,,,,,,,,,,,,,,,,,,,,,,,,,,,,,,,,,,,,,,,,,,,389.00935674048355
Amsterdam,,50,1017DG,Nieuwe Spiegelstraat,restaurant,,Lombardo's,,BAG,2014-02-11,,limited,POINT (4.8887021 52.3635469),,,,,,,,,,,,burger,,,,,,,,,,,,,,,,,,,,,,,,,,,,,,,,,,,,,,,,,,,,,,,,,,,,,,,,,,,,,,,,219.33560848017993
Amsterdam,,123-H,1017PZ,Korte Leidsedwarsstraat,restaurant,,Picchino,,BAG,2014-02-11,,,POINT (4.8849034 52.3632077),,,,Mo-Sa 13:00-22:00,,http://picchino-amsterdam.nl/,,,,,+31 6 42284481,pizza;pasta;italian;argentinian,,,,,,,,,,,,,,,,,,,,,,,,,,,,,,,,,,,,,,,,,,,,,,,,,,,,,,,,,,,,,,,,36.00845474905461
Amsterdam,,19,1017RE,Leidsekruisstraat,restaurant,,Mama Impasto,,BAG,2014-02-11,,,POINT (4.8850062 52.3634868),,,,,,,,,,,,,,,,,,,,,,,,,,,,,,,,,,,,,,,,,,,,,,,,,,,,,,,,,,,,,,,,,,,,,,,,,,,,55.158326233296755
Amsterdam,,24,1017RJ,Leidsekruisstraat,restaurant,,Eetcafé,,BAG,2014-02-11,,,POINT (4.8848555 52.3635486),,,,,,,,,,,,,,,,,,,,,,,,,,,,,,,Eetcafé Kop von Jut,,,,,,,,,,,,,,,,,,,,,,,,,,,Restaurant Kop von Jut,,,,,,,,,,,,,,,,,,55.17832129981574
Amsterdam,,254-H,1017RK,Lijnbaansgracht,restaurant,,Castell,,BAG,2014-02-11,,,POINT (4.8848679 52.3628166),,,,,,,,,,,,,,,,,,,,,,,,,,,,,,,,,,,,,,,,,,,,,,,,,,,,,,,,,,,,,,,,,,,,,,,,,,,,29.192478522791642
Amsterdam,,256,1017RK,Lijnbaansgracht,restaurant,,Restaurant Dubbel,,BAG,2014-02-11,,limited,POINT (4.8850714 52.3627171),,,,,,,,,,,,,,,,,,,,,,,,,,,,,,,,,,,,,,,,,,,,,,,,,,,,,,,,,,,,,,,,,,,,,,,,,,,,41.39836773535167
Amsterdam,,267-H,1017RL,Lijnbaansgracht,restaurant,,Winebar Shiraz,,BAG,2014-02-11,,limited,POINT (4.8857879 52.3623691),,,,,,,,,,,,,,,,,,,,,,,,,,,,,,,,,,,,,,,,,,,,,,,,,,,,,,,,,,,,,,,,,,,,,,,,,,,,85.36315104930542
Amsterdam,,28,1017RR,Kleine-Gartmanplantsoen,restaurant,,The Avocado Show,,BAG,2014-02-11,,,POINT (4.8835362 52.3625483),,,,Mo-Su 10:00-21:00,,,,,,,,,,,,,,,,,,,,,,,,,,,,,,only,,,,,,,,,,,,,,,,,,,,,,,,,+31 6 27238420,,,,,,,,,,,,,,,,,48.7333256818322
Amsterdam,,502-H,1017KH,Prinsengracht,restaurant,,Poké Perfect,,BAG,2014-02-11,,no,POINT (4.8857331 52.3638861),,,,Mo-Su 11:30-21:00,,,,,,,,,,,,,,,,,,,,,,,,,,,,,,,,,,,,,,,,,,,,,,,,,,,,,,,,,,,,,,,,,,,,,,,,102.30397511457338
Amsterdam,,75-H,1017NH,Lange Leidsedwarsstraat,restaurant,,Tacos & Tequila,,BAG,2014-02-11,,,POINT (4.8855319 52.3634016),,,,Su-We 12:00-22:00; Th-Sa 12:00-23:00,,https://tacosentequila.nl,,,,,+31 6 23217594,mexican,,,,,,,,,,,https://www.facebook.com/Tacos-Tequila-2012258755567053/,,https://www.instagram.com/tacosentequila/,,,,,,,,,,,,,,,,,,,,,,,,,,,,,,,,,,,,,,,,,,,,,,,,,,,70.02935019465174
Amsterdam,,75A,1017RX,Weteringschans,restaurant,,Le Rendez-vous,,BAG,2014-02-11,,,POINT (4.8863852 52.361421),,,,,,,,,,,,french,,,,,,,,,,,,,,,,,,,,,,,,,,,,,,,,,,,,,,,,,,,,,,,,,,,,,,,,,,,,,,,,157.70263944319586
Amsterdam,,95,1017NZ,Leidsestraat,restaurant,,Full Moon Garden,,BAG,2014-02-11,,no,POINT (4.883854 52.3646327),,,,12:00-01:00,,https://fullmoongarden.nl,,,,,+31 20 238 2546,chinese,,,,,,,,,,,,,,,,,,,,,,,,,,,,,,,,,,,,,,,,,,,,,,,,,,,,,,,,,,,,,,,,136.1517056101557
Amsterdam,,3A,1017DB,Nieuwe Spiegelstraat,restaurant,,Zero Zero,,BAG,2014-02-11,,,POINT (4.8903573 52.3650987),,,,,,https://www.zero-zero.store,,,,,,italian;sandwich,,,,,,,,,,,,,,,,,,,,,,,,,,,,,,,,,,,,,,,,,,,,,,,,,,,,,,,,,,,,,,,,340.7853094213441
Amsterdam,,97-H,1017HH,Vijzelstraat,restaurant,,al Bàcaro,,BAG,2014-02-11,,limited,POINT (4.8923315 52.3632692),,,,,,http://albacaro.nl/,,,,,+31 20 330 0673,italian,,,,,,,,,,,,,,,,,,,,,,,,,,,,,,,,,,,,,,,,,,,,,,,,,,,,,,,,,,,,,,,,391.4655514471443
Amsterdam,,11,1017LJ,Reguliersgracht,restaurant,,Tia Rosa,,BAG,2014-02-11,,limited,POINT (4.8961961 52.3642882),,,,,,,,,,,,tapas,,,,,,2023-04-12,,,,,,,,,,,,,,,,,,,,,,,,,,,,,,,,,,,,,,,,,,,,,,,,,,,,,,,,,,588.4467328007912
Amsterdam,,1,1017ZW,H.M. van Randwijkplantsoen,restaurant,,Carrousel,,BAG,2014-02-11,,,POINT (4.891748 52.3589849),,,,Mo-Su 10:00-20:00,,https://www.decarrouselpannenkoeken.nl,,,,,+31 20 625 8002,pancake,,,,,,,,,,,,,,,,,,,,,,,,,,,,,,,,,,,,,,,,,,,,,,,,,,,,,,,,,,,,,,,,479.717237448199
Amsterdam,,1,1017HM,Vijzelgracht,restaurant,,Myrabelle,,BAG,2014-02-11,,no,POINT (4.8918915 52.3619155),,,,,,,,,,,,,,,,,,2023-04-19,,,,,,,,,,,,,,,,,,,,,,,,,,,,,,,,,,,,,,,,,,,,,,,,,,,,,,,,,,378.10443348917346
Amsterdam,,11-H,1017TR,Noorderstraat,restaurant,,Piet de Leeuw,,BAG,2014-02-11,,yes,POINT (4.8921422 52.361512),,,,Mo-Su 17:00-22:30,,https://www.pietdeleeuw.nl,,,,,+31 20 623 7181,steak_house,,,,,,,,,,,,,,,,,,,,,,,,,,,,,,,,,,,,,,,,,,,,,,,,,,,,,,,,,,,,,,,,397.9726891007898
Amsterdam,,19-H,1017TR,Noorderstraat,restaurant,,Sukhothai Thanee,,BAG,2014-02-11,,,POINT (4.8924177 52.3614727),,,,Th-Mo 17:30-22:00,,https://sukhothaithanee.nl,,,,,+31 20 786 6419,thai,,,,,,,,,,,,,,,,,,,,,,,,,,,,,,,,,,,,,,,,,,,,,,,,,,,,,,,,,,,,,,,,411.71296164277436
Amsterdam,,37,1017HP,Vijzelgracht,restaurant,,Proper. Indofood,,BAG,2014-02-11,,,POINT (4.8914637 52.3607992),,,,Tu-Su 15:30-20:00,,https://properindofood.com,,,,,+31 6 45516274,indonesian,,,,,,,,,,,,,,,,,,,,,,,,,,,,,,,,,,,,,,,,,,,,,,,,,,,,,,,,,,,,,,,,387.78706865159256
Amsterdam,,43,1017HP,Vijzelgracht,restaurant,,SUSHI GK,,BAG,2014-02-11,,,POINT (4.8914356 52.3606912),,,,,,,,,,,,,,,,,,,,,,,,,,,,,,,,,,,,,,,,,,,,,,,,,,,,,,,,,,,,,,,,,,,,,,,,,,,,390.4175814101298
Amsterdam,,47,1017HP,Vijzelgracht,restaurant,,Iboenda,,BAG,2014-02-11,,,POINT (4.8914217 52.3606013),,,,"Mo 14:00-21:00; Tu 14:00-21:00; We 14:00-21:00; Th 14:00-21:00; Fr 14:00-21:00; Sa 14:00-21:00; Su,PH 15:00-21:00",,http://www.iboenda.nl,,,,,+31 20 775 3118,indonesian,deli,,,,,,,,,,,,,iBoenda,,,,,,,,only,,,,,,,,,,,,,,,,,,,,,,,,,,,,,,,,,,,,,,,,,,393.1473072789331
Amsterdam,,93-H,1017RZ,Weteringschans,restaurant,,Levant,,BAG,2014-02-11,,,POINT (4.8873509 52.361025),,,,,no,,,,,,,turkish,,,,,,,,,,,,,,,,,,,,,,,,,,,,,,,,,,,,,,,,,,,,,,,,,,,,,,,,,,,,,,,,212.59416907115343
Amsterdam,,29,1017NB,Leidsegracht,restaurant,,Pastini,,,,,,POINT (4.8846668 52.3666231),,,,,,,,,,,,italian,,,,,,2023-04-10,,,,,,,,,,,,,,,,,,,,,,,,,,,,,,,,,,,,,,,,,,,,,,,,,,,,,,,,,,293.11183816253765
Amsterdam,,379-H,1054AD,Nassaukade,restaurant,,Beppe Amsterdam West,,BAG,2014-03-24,,,POINT (4.8784358 52.3647991),,,,,,https://pizzabeppe.nl/amsterdam-west/,,,,,,pizza,,,,,,,,,,,,,,,,,,,,,,,,,,,,,,,,,,,,,,,,,,,,,,,,,,,,,,,,,,,,,,,,321.4251275843327
Amsterdam,,49-H,1054HB,Overtoom,restaurant,,Sawadee ka,,BAG,2014-03-24,,,POINT (4.876817 52.3629744),,,,,,,,,,,,thai,,,,,,,,,,,,,,,,,,,,,,,,,,,,,,,,,,,,,,,,,,,,,,,,,,,,,,,,,,,,,,,,364.3115060014299
Amsterdam,,5-H,1054HA,Overtoom,restaurant,,Oresti's Taverna,,BAG,2014-03-24,,,POINT (4.8783821 52.3634426),,,,"We-Th 17:00-01:00 open ""Bar"", We-Th 17:00-22:00 open ""Restaurant""; Fr-Sa 17:00-03:00 open ""Bar"", Fr-Sa 17:00-23:00 open ""Restaurant""",,https://orestistaverna.nl,,,,,+31 20 422 2742,mediterranean,,,,,,,,,,,,,,,,,,,,,,,,,,,,,,,,,,,,,,,,,,,,,,,,,,,,,,,,,,,,,,,,290.88036683921086
Amsterdam,,7,1053DB,Kinkerstraat,restaurant,,Ashoka kinker,,BAG,2014-03-24,,,POINT (4.8758429 52.3680958),,,,,,,,,,,+31 20 341 7812,,,,,,,,,,,,,,,,,,,,,,,,,,,,,,,,,,,,,,,,,,,,,,,,,,,,,,,,,,,,,,,,,580.754819336251
Amsterdam,,6,1071HD,Willemsparkweg,restaurant,,Pompa Tapas Bar,,BAG,2014-03-24,,limited,POINT (4.8779295 52.3581174),,,,,,,,,,,,,,,,,,,,,,,,,,,,,,Pompa Tapas Bar,,,,,,,,,,,,,,,,,,,,,,,,,,,,,,,,,,,,,,,,,,,,,,493.21696747118114
Amsterdam,,5,1071AL,Van Baerlestraat,restaurant,,The Seafood Bar,,BAG,2014-03-24,,,POINT (4.8774651 52.3599445),,,,Mo-Su 12:00-22:00,,http://www.theseafoodbar.nl,,,,,+31 20 670 8355,fish,,,,http://www.theseafoodbar.nl/contact,,,,,,,,,,,,,,,,,,,,,,,,,,,,,,,,,,,,,,,,,,,,,,,,,,,,,,,,,,,,409.27097130345425
Amsterdam,,28-H,1072BS,Frans Halsstraat,restaurant,,Cafe Caron,,BAG,2014-03-24,,limited,POINT (4.8887898 52.3573983),yes,,,,,https://www.cafecaron.nl,,,,,,french,,,,,,,,,,,,,,,,,,,,,,,,,,,,,,,,,,,,,,,,,,,,,,,,,,,,,,,,,,,,,,,,491.7270496311016
Amsterdam,,40-H,1072BS,Frans Halsstraat,restaurant,,Rainbowl,,BAG,2014-03-24,,,POINT (4.8886429 52.3569857),,,,,,,,,,,,,,,,,,,,,,,,,,,,,,,,,,,,,,,,,,,,,,,,,,,,,,,,,,,,,,,,,,,,,,,,,,,,518.3640751498833
Amsterdam,,42-H,1072BT,Frans Halsstraat,restaurant,,Van 't Spit,,BAG,2014-03-24,,,POINT (4.888619 52.3567873),,,,Mo-Su 17:00-01:00,,https://vantspit.nl/amsterdam-de-pijp,,,,,+31 20 363 6325,,,,,,,,,,,davide@vantspit.nl,,,,,,,,,,,,,,,,,,,,,,,,,,,,,,,,,,,,,,,,,,,,,,,,,,,,,,532.3449488962436
,,,,,restaurant,,Chicanos / Tex Mex,,,,,,POINT (4.8843666 52.3636279),,,,,,,,,,,,mexican,,,,,,,,,,,,,,,,,,,,,,,,,,,,,,,,,,,,,,,,,,,,,,,,,,,,,,,,,,,,,,,,54.60145850136627
Amsterdam,,35,1071AP,Van Baerlestraat,restaurant,,Solo,,,,,,POINT (4.8803931 52.3560295),,,,,,https://www.facebook.com/Soloetenendrinken,,,,,+31 20 662 2655,,,,,,,,,,,,,,,Solo Eten & Drinken,website soloetenendrinken.nl under reconstructio (august 2016).,,,,,,,,,,,,,,,,,,,,,,,,,,,,,,,,,,,,,,,,,,,,,,,,,581.4435899304588
Amsterdam,,594,1017EN,Keizersgracht,restaurant,,Red,,,,,limited,POINT (4.8891462 52.3640505),,,,,yes,https://www.restaurantred.nl,,,,,,,,,,,yes,2023-04-10,,,,,,,,,,,,,,,,,,,,,,,,,,,,,,,,,,,,,,,,,,,,,,,,,,,,,,,,,,251.5434321505783
Amsterdam,,498,1017AX,Singel,restaurant,,Sampurna,,,,,limited,POINT (4.8902457 52.3668568),,,,Mo-Su 12:00-22:00,,https://www.sampurna.com,,,,,+31 20 625 3264,indonesian,,,,,,,,,,info@sampurna.com,sampurna.amsterdam,,sampurna.amsterdam,,,,,,,,,,,,,,,,,,,,,,,,,,,,,,,,,,,,,,,,,,,,,,,,,,,424.72954886927005
Amsterdam,,504,1017AX,Singel,restaurant,,Studio 2,,,,,no,POINT (4.8904656 52.36682),,,,,,,,,,,,,,,,,,2023-06-18,,,,,,,,,,,,,,,,,,,,,,,,,,,,,,,,,,,,,,,,,,,,,,,,,,,,,,,,,,429.98193547863536
Amsterdam,,540,,Singel,restaurant,,Amarylles,no,,,,no,POINT (4.8920349 52.3666156),,,,,,,,,,,,,,,,,,,,,,,,,,,,,,,,,,,,,,,,,,,,,,,,,,,,,,,,,,,,,,,,,,,,,,,,,,,,476.17935741682317
Amsterdam,,4,,Vijzelstraat,restaurant,,Ter Marsch & Co,,,,,yes,POINT (4.8930568 52.3665599),,,,,,,,,,,,burger,,,,,,,,,,,,,,,,,,,,,,,,,,,,,,,,,,,,,,,,,,,,,,,,,,,,,,,,,,,,,,,,513.8672332926186
Amsterdam,,148,1017GR,Kerkstraat,restaurant,,Vatten Ramen,,,,,yes,POINT (4.888799 52.3633111),yes,,,Mo-Su 11:00-22:00,,,,,,yes,,,,,,,,,,,,,,,,,,,,,,,,,,,,,,,,,,,,,,,,,,,,,,,,,,,,,,,,,,,,,,,,,,220.67555744867772
Amsterdam,,461,1012WP,Singel,restaurant,,Calf & Bloom,,,,no,no,POINT (4.8916101 52.3671726),,,,,,,,,,,,,,,,,,,,,,,,,,,,,,,,,,,,,,,,,,,,,,,,,,,,,,,,,,,,,,,,,,,,,,,,,,,,489.3217772732314
,,,,,restaurant,,Bangkok,,,,,limited,POINT (4.8947099 52.3660053),,,,,,https://www.restaurant-bangkok.nl,,,,,,thai,,,,,,,,,,,,,,,,,,,,,,,,,,,,,,,,,,,,,,,,,,,,,,,,,,,,,,,,,,,,,,,,561.8125465935534
,,,,,restaurant,,Taiko,,,,,,POINT (4.87924 52.3585627),,,,,,https://www.conservatoriumhotel.com/taiko-restaurant,,,,,,asian,,,,,,,,,,,,,,,,,,,,,,no,,,,,,,,,no,,,,,,,,,,,,,,,,,,,,,,,,,,,,,,,,,426.4695489894244
Amsterdam,,59,1017GC,Kerkstraat,restaurant,,Yuzu Dining Bar,,,,,,POINT (4.886092 52.365106),,,,,,https://www.yuzu-diningbar.nl,,,,,,japanese,,,,,,,,,,,,,,,,,,,,,,,,,,,,,,,,,,,,,,,,,,,,,,,,,,,,,,,,,,,,,,,,192.7488173596214
Amsterdam,,45,1017GB,Kerkstraat,restaurant,,Las Estrellas,,,,,,POINT (4.885756 52.365306),,,,,yes,,,,,,,italian,,,,,,,,,,,,,,,,,,,,,,,,,,,,,,,,,,,,,,,,,,,,,,,,,,,,,,,,,,,,,,,,200.7379286904871
Amsterdam,,46-48,1017GP,Kerkstraat,restaurant,,Brunchie,,,,,,POINT (4.88551 52.36527),,,,09:00-17:00,,https://brunchie.nl/,,,,,+31 20 622 3660,breakfast;lunch,,,,,,,,,,,,,,,,,,,,,,,,,,,,,,,,,,,,,,,,,,,,,,,,,,,,,,,,,,,,,,,,194.11499062216487
,,,,,restaurant,,Rakang Thaï restaurant,,,,,,POINT (4.881275 52.3696548),,,,,,http://www.rakang.nl,,,,,,,,,,,,,,,,,,,,,,,,,,,,,,,,,,,,,,,,,,,,,,,,,,,,,,,,,,,,,,,,,,,,,,553.5238831305156
Amsterdam,,9,1017BA,Beulingstraat,restaurant,,Beulings,,,,,,POINT (4.887686 52.3679863),,,,,,https://www.beulings.nl/,,,,,,regional,,,,,,,,,,,,,,,,,,,,,,,,,,,,,,,,,,,,,,,,,,,,,,,,,,,,,,,,,,,,,,,,433.38388795356775
Amsterdam,,6,,Rozenboomsteeg,restaurant,,Rozenboom,,,,,no,POINT (4.8907645 52.3692431),,,,,,http://www.derozenboom.com,,,,,+31 20 622 5024,,,,,,,,,,,,,,,,,,,,,,,,,,,,,,,,,,,,,,,,,,,,,,,,,,,,,,,,,,,,,,,,,591.2930833622647
Amsterdam,,171,,Weteringschans,restaurant,,La Storia della Vita,,,,,yes,POINT (4.8922941 52.3596722),yes,,,,,,,,,yes,,italian,,,,,,2023-04-19,,,,,,,,,,,,,,,,,,,,,,,,,,,,,,,,,,,,,,,,,,,,,,,,,,,,,,,,,,467.65919125522873
Amsterdam,,7,1054ES,Stadhouderskade,restaurant,,San George,,,,,,POINT (4.8796087 52.3629726),,,,,,,,,,,,italian,,,,,,,,,,,,,,,,,,,,,,,,,,,,,,,,,,,,,,,,,,,,,,,,,,,,,,,,,,,,,,,,228.47683133233616
,,,,,restaurant,,Shanghai Noodle,,,,,no,POINT (4.8925485 52.3680001),,,,,,,,,,,,,,,,,,2023-04-10,,,,,,,,,,,,,,,,,,,,,,,,,,,,,,,,,,,,,,,,,,,,,,,,,,,,,,,,,,567.9231457354098
Amsterdam,,80-82,1017BN,Reguliersdwarsstraat,restaurant,,La Casa Di Michael,,,,,,POINT (4.8938759 52.3659179),,,,,,,,,,,,,,,,,,,,,,,,,,,,,,,,,,,,,,,,,,,,,,,,,,,,,,,,,,,,,,,,,,,,,,,,,,,,522.3545485262472
Amsterdam,,86,1017BN,Reguliersdwarsstraat,restaurant,,Thali,,,,,,POINT (4.8940469 52.3658962),,,,,,,,,,,,,,,,,,,,,,,,,,,,,,,,,,,,,,,,,,,,,,,,,,,,,,,,,,,,,,,,,,,,,,,,,,,,529.0186333372624
Amsterdam,,88,1017BN,Reguliersdwarsstraat,restaurant,,Memories of India,,,,,limited,POINT (4.8941718 52.36585),,,,,,https://memoriesofindia.nl,,,,,+31 20 623 5710,indian,,,,,,2023-04-12,,,,,,,,,,,,,,,,,,,,,,,,,no,,,,,,,,,,,,,,,,,,,,,,,,,,,,,,,,,532.8684375251262
Amsterdam,,108,,Elandsgracht,restaurant,,Balthazar's Keuken,,,,,,POINT (4.8796788 52.3694981),,,,,,,,,,,+31 20 420 2114,,,,,,,,,,,,,,,,,,,,,,,,,,,,,,,,,,,,,,,,,,,,,,,,,,,,,,,,,,,,,,,,,567.6052731880284
Amsterdam,,598,1017KS,Prinsengracht,restaurant,,Buffet van Odette,,,,,,POINT (4.8889892 52.3622855),,,,10:00-24:00,,https://buffet-amsterdam.nl/,,,,,+31 20 423 6034,home_made_food,,,,,,,,,,,,,,,,,,,,,no,,,,,,,,,,,,,,,,,,,,,,,,,,,,,,,,,,,,,,,,,,,233.86953050065551
Amsterdam,,2,1071XX,Museumstraat,restaurant,,Rijks,,,,,,POINT (4.8842926 52.3595984),,,,"Tu 18:00+; We-Sa 11:30-15:00, 18:00+",,http://www.rijksrestaurant.nl,,,,,+31 20 674 7555,regional;dutch,,,,,,,,,,info@rijksrestaurant.nl,https://www.facebook.com/pages/Rijks/545736532198003,,https://www.instagram.com/rijksrestaurant/,RIJKS(R),,,1,,,,,,,,,,,,,,,,,,,,,,,,,,,,,,,,,,,,,,,,,,,,,,,265.7551776700092
Amsterdam,,176,,Kerkstraat,restaurant,,Lavinia Good Food,,,,,limited,POINT (4.8898054 52.3631654),yes,,,,,,,,,yes,,,,,,,,,,,,,,,,,,,,,,,,,,,,,,,,,,,,,,,,,,,,,,,,,,,,,,,,,,,,,,,,,,268.27476909193484
Amsterdam,,2a,1016TV,Elandsgracht,restaurant,,Fou Fow Ramen,,,,,limited,POINT (4.8822664 52.3703042),,,,"Tu-Su 12:00-15:00,17:00-21:00",,https://foufow.nl/,,,,,+31 20 845 0544,asian,,,,,,,,,,,,,,,,,,,,,,,,,,,,,,,,,,,,,,,,,,,,,,,,,,,,,,,,,,,,,,,,593.4982683871812
Amsterdam,,2,1017PT,Leidseplein,restaurant,,New York Steakhouse,,,,,,POINT (4.8831308 52.364509),,,,Mo-Su 17:00-23:00,,https://newyorksteakhouse.nl/,,,,,+31 20 620 9077,steak_house,,,,,,,,,,,,,,,,,,,,,,,,,,,,,,,,,,,,,,,,,,,,,,,,,,,,,,,,,,,,,,,,137.0064717294955
Amsterdam,,21,1017RE,Leidsekruisstraat,restaurant,,The Pantry,,,,,,POINT (4.8849563 52.3634594),,wlan,,,yes,https://www.thepantry.nl/,,,,,+31 20 620 0922,regional,,,,,yes,,,,,info@thepantry.nl,,,,,,,,The Pantry,,,,,,,,,,,,,,,,,,,,,,,,,,,,,,,,,,,,,,,,,,,,,,51.947638751219685
Amsterdam,,366,1054AB,Nassaukade,restaurant,,Blue Pepper,,,,,,POINT (4.8780494 52.3657926),,,,Mo-Su 17:30-22:30,,https://restaurantbluepepper.com/,,,,,,indonesian,,,,,,,,,,,,,,,,,,Blue Pepper,,,,,,,,,,,,,,,,,,,,,,,,,,,,,,,,,,,,,,,,,,,,,,379.4058339289597
Amsterdam,,13-17,1012XK,Voetboogstraat,restaurant,,Silom Thai Brasserie,,,,,no,POINT (4.8908542 52.3682418),,,,Th-Tu 15:00-22:00,,https://silomthaibrasserie.nl/,,,,,+31202442894,thai,,,,,,,,,,info@silomthaibrasserie.nl,,,,Luitenant Cornelis,,,,,,,,,,,,,,,,,,,,,,,,,,,,,,,,,,,,,,,,,,,,,,,,,,528.2144591204866
Amsterdam,,47,1072BD,Eerste Jacob van Campenstraat,restaurant,,Siriphon,,,,,limited,POINT (4.8898758 52.3575399),,,,,,,,,,,,thai,,,,,,,,,,,,,,,,,,,,,,,,,,,,,,,,,,,,,,,,,,,,,,,,,,,,,,,,,,,,,,,,507.80644633711535
Amsterdam,,999,1017KM,Prinsengracht,restaurant,,John Dory,,,,,limited,POINT (4.8938737 52.362155),,,,"Tu-Sa 18:00-22:00; Su,Mo off",,https://johndory.nl,,,,,,fish,,,,,,,,,,,,,,,,,,,,,,,,,,,,,,,,,,,,,,,,,,,,,,,,,,,,,,,,,,,,,,,,469.82935057090435
Amsterdam,,358,1016JA,Prinsengracht,restaurant,,Billy's Thai Restaurant,,,,,,POINT (4.8821546 52.3678876),,,,,,http://www.billythai.nl,,,,,,thai,,,,,,2023-05-08,,,,info@billythai.nl,,,,,,,,,,,,,,,,,,,,,,,,,,,,,,,,,,,,,,,,,,,,,,,,,,,,,,406.75819257884854
Amsterdam,,23,1017GA,Kerkstraat,restaurant,,Ron Gastrobar Oriental,,,,,,POINT (4.8848226 52.3659451),,,,,,https://www.rongastrobaroriental.nl/,,,,,+31 20 223 5352,asian,,,,,,2023-04-10,,,,info@rongastrobaroriental.nl,,,,,,,,,,,,,,,,,,,,,,,,,,,,,,,,,,,,,,,,,,,,,,,,,,,,,,240.02130555166755
Amsterdam,,17,1017RP,Kleine-Gartmanplantsoen,restaurant,,Sumo,,,,,yes,POINT (4.8838817 52.3633312),,,,,,,,,,,,sushi,,Sumo,,,,,,,,,,,,,,,,,,,,,,,,,,,,,,,,,,,,,,,,,,,,,,,,,,,,,,,,,,,,,,37.13697895755196
Amsterdam,,384,1016GB,Keizersgracht,restaurant,,Vinkeles,,,,,,POINT (4.8834577 52.3692629),,,,Tu-Sa 19:00-21:30,,https://www.vinkeles.com,Q17195570,nl:Vinkeles,,,+31 20 530 2010,french,,,,,,,,,,,,,,,,,2,,,,,,,,,,,,,,,,,,,,,,,,,,,,,,,,,,,,,,,,,,,,,,,504.0800913303718
Amsterdam,,413,1017BP,Herengracht,restaurant,,Johannes,,,,,no,POINT (4.8873758 52.3676498),,,,,,https://www.restaurantjohannes.nl/413,,,,,,regional,,,,,,2023-04-10,,,,,,,,,,,,,,,,,,Zuid Zeeland,,,,,,,,,,,,,,,,,,,,,,,,,,,,,,,,,,,,,,,,402.9287729767692
Amsterdam,,190,1016XA,Lijnbaansgracht,restaurant,,Brasserie Blazer,,,,,,POINT (4.8789301 52.3684385),,,,,,https://www.brasserieblazer.nl/,,,,,,french,,,,,,,,,,,,,,,,,,,,,,,,,,,,,,,,,,,,,,,,,,,,,,,,,,,,,,,,,,,,,,,,509.13763809575806
Amsterdam,,61,1072XB,Daniël Stalpertstraat,restaurant,,The Avocado Show,,BAG,2014-03-24,,limited,POINT (4.8898565 52.3563069),,wlan,,Mo-Su 08:30-17:00,,https://www.theavocadoshow.com/,,,,,+31 6 30633130,international,,,,,,,,,,,,,,,,,,,,,,,,,,,,,,,,,,,,,,,,,,,,,,,,,,,,,,,,,,,,,,,,592.5553014877339
Amsterdam,,703,1017JV,Prinsengracht,restaurant,,Black,,,,,,POINT (4.8844577 52.3653447),,,,Mo-Su 08:30-23:00,yes,https://www.restaurantblack.nl,,,,,+31 20 787 0398,,,,,,,,,,,,,,,,,,,,,,,,,,,,,,,,,,,,,,,,,,,,,,,,,,,,,,,,,,,,,,,,,191.11685305107696
Amsterdam,,26,1017HK,Vijzelstraat,restaurant,,Nomi,,,,,,POINT (4.8927075 52.3655348),,,,,,,,,,,,,,,,,,,,,,,,,,,,,,,,,,,,,,,,,,,,,,,,,,,,,,,,,,,,,,,,,,,,,,,,,,,,457.88252246358553
,,,,,restaurant,,Thai Fusion,,,,,,POINT (4.8839303 52.3704439),,,,,,,,,,,,thai,,,,,,,,,,,,,,,,,,,,,,,,,,,,,,,,,,,,,,,,,,,,,,,,,,,,,,,,,,,,,,,,596.5405364244335
Amsterdam,,339,1016AZ,Herengracht,restaurant,,Brasserie Ambassade,,,,,,POINT (4.8871515 52.3694082),,,,,,https://brasserieambassade.nl/,,,,,,,,,,,,,,,,,,,,,,,,,,,,,,,,,,,,,,,,,,,,,,,,,,,,,,,,,,,,,,,,,,,,,,532.2902978842446
Amsterdam,,422,,Prinsengracht,restaurant,,Sinck,,,,,,POINT (4.8822822 52.3662528),,,,,,,,,,,,,,,,,,2023-05-08,,,,,,,,,,,,,,,,,,,,,,,,,,,,,,,,,,,,,,,,,,,,,,,,,,,,,,,,,,280.9341643699122
Amsterdam,,,1071CX,Paulus Potterstraat,restaurant,,Le Tambourin,,,,,,POINT (4.881202 52.3582777),,,,,,,,,,,,,,,,,,,,,,,,,,,,,,,,,,,,,,,,,,,,,,,,,,,,1,,,,,,,,,,,,,,,Van Gogh Museum,,,,,,,,,400.2775259520618
,,30,1017BM,Reguliersdwarsstraat,restaurant,,Dynasty,,,,,limited,POINT (4.8905934 52.3663165),,,,We-Mo 17:00-23:00,,https://www.restaurantdynasty.nl,,,,,+31 20 626 8400,chinese,,,,,,,,,,reservations@restaurantdynasty.nl,dynastyamsterdam,,restaurantdynasty,,,,,,,,,,,,,,,,,,,,,,,,,,,,,,,,,,,,,,,,,,,Fine Eastern Restaurants Nederland,,,,,,,,406.9201895108266
,,,,,restaurant,,Yuan's Hot Pot,,,,,yes,POINT (4.8905324 52.3569617),,,,,,,,,,,,,,,,,,,,,,,,,,,,,,,,,,,,,,,,,,,,,,,,,,,,,,,,,,,,,,,,,,,,,,,,,,,,563.7297245366682
,,,,,restaurant,,Toos & Roos,,,,no,yes,POINT (4.8832856 52.3704586),,,,,,,,,,,,,,,,,,,,,,,,,,,,,,,,,,,,,,,,,,,,,,,,,,,,,,,,,,,,,,,,,,,,,,,,,,,,599.482971794223
Amsterdam,,63,1017GC,Kerkstraat,restaurant,,Los Pilones,,,,,limited,POINT (4.8862655 52.3649905),,,,,yes,,,,,,,mexican,,,,,,,,,,,,,,,,,,,,,no,,,,,,,,,,,,,,,,,,,,,,,,,,,,,,,,,,,,,,,,,,,188.72894430467005
,,23,1012XK,Voetboogstraat,restaurant,,Bhatti Pasal,,,,,no,POINT (4.8909174 52.3680262),,,,,yes,https://www.bhattipasal.nl/voetboogstraat,,,,,+31206231180,nepalese,,,,,,,,,,info@bhattipasal.nl,bhattipasalamsterdam,,bhattipasal,,,,,,,,,,,,,,,,,,,,,,,,,,,,,,,,,,,,,,,,,,,,,,,,,,,516.5629687031721
,,,,,restaurant,,Rancho,,,,no,limited,POINT (4.8914924 52.368947),,,,,,,,,,,,,,,,,,2023-04-10,,,,,,,,,,,,,,,,,,,,,,,,,,,,,,,,,,,,,,,,,,,,,,,,,,,,,,,,,,591.7160285311166
Amsterdam,,82a,,Stadhouderskade,restaurant,,Padina Bar,,,,,,POINT (4.893177 52.357783),,,,,,,,,,,,,,,,,,,,,,,,,,,,,,,,,,,,,,,,,,,,,,,,,,,,,,,,,,,,,,,,,,,,,,,,,,,,595.4498753767031
Amsterdam,,5,1054LJ,Leidsebosje,restaurant,,The Pancake Club,,BAG,2018-08-17,,,POINT (4.8813295 52.3626071),yes,,,,,,,,,,,pancake,,,,,,,,,,,,,,,,,,,,,,,,De Vier Pilaren,,,,,,,,,,,,,,,,,,,,,,,,,,,,,,,,,,,,,,,,147.16117929647672
Amsterdam,,9,,Huidenstraat,restaurant,,Goodies,,,,,no,POINT (4.8859045 52.3687632),,,,,,https://www.goforthegoodies.nl,,,,,,,,,,,,,,,,info@goforthrgoodies.nl,,,,,,,,,,,,,,,,,,,,,,,,,,,,,,,,,,,,,,,,,,,,,,,,,,,,,,469.18595436253906
Amsterdam,,17-19,1017BJ,Reguliersdwarsstraat,restaurant,,The Big Apple,,,,,no,POINT (4.8898874 52.3666626),,,,Mo-Su 11:00-00:00,,https://thebigapple.nl/,,,,,+31 20 223 8172,american;grill;international,,,,,,,,,,info@thebigapple.nl,thebigapple.nl,,thebigapple_amsterdam,,,,,,,,,,,,,,,,,,no,,,,,,,,,,,,,,,,,,,,,,,,,,,,,,,,,401.562192064087
Amsterdam,,28,1017BM,Reguliersdwarsstraat,restaurant,,Lion Noir,,,,,yes,POINT (4.8904155 52.3663873),,,,Tu 18:00-00:00; We-Th 12:00-00:00; Fr-Sa 12:00-01:00,yes,https://www.lionnoir.nl/,,,,,+31 20 627 6603,french,,,,,,,,,,reservations@lionnoir.nl,lionnoiramsterdam,,lionnoiramsterdam,,,,,,,,,,2010,,,,,,,,no,,,,,,,,,,,,,,,,,,,,,,,,,,,,,,,,,404.241702165148
Amsterdam,,9,1072MH,Marie Heinekenplein,restaurant,,Vegan Junk Food Bar,,,,,limited,POINT (4.8916033 52.3572501),no,,,Mo-Su 11:00-24:00,,https://www.veganjunkfoodbar.com,,,,only,,,,,,,,,,,,,,,,,,,,,,,,,,,,,,,,,,,,,,,,,,,,,,,,,,,,,,,,,,,,,,,,,,575.1767403095695
Amsterdam,,175,,Weteringschans,restaurant,,Kailash Parbat,,,,,,POINT (4.8924555 52.3596549),,,,,,,,,,,,,,,,,,,,,,,,,,,,,,,,,,,,,,,,,,,,,,,,,,,,,,,,,,,,,,,,,,,,,,,,,,,,474.9636224148282
,,,,,restaurant,,The uptown meat club,,,,,,POINT (4.8774935 52.3598881),,wlan,,,,,,,,,,,,,,,,,,,,,,,,,,,,,,,,,,,,,,,,,,,,,,,,,,,,,,,,,,,,,,,,,,,,,,,,,,410.781104732787
,,,,,restaurant,,The Beefsteak Club,,,,,,POINT (4.8904706 52.3565873),,,,,,,,,,,,,,,,,,,,,,,,,,,,,,,,,,,,,,,,,,,,,,,,,,,,,,,,,,,,,,,,,,,,,,,,,,,,587.4971346030269
,,,,,restaurant,,Eatmosfera,,,,,no,POINT (4.8951518 52.36608),,,,,,,,,,,,,,,,,,,,,,,,,,,,,,,,,,,,,,,,,,,,,,,,,,,,,,,,,,,,,,,,,,,,,,,,,,,,583.7758939591844
,,13-15,1017BJ,Reguliersdwarsstraat,restaurant,,Il Primo,,,,,limited,POINT (4.8897542 52.3667146),,,,Mo-Su 11:00-00:00,,https://ilprimoristorante.nl/,,,,,+31 20 331 9370,italian,,,,,,,,,,info@ilprimoristorante.nl,Ilprimoristorante,,https://instagram.com/explore/locations/267396886/il-primo,,,,,,,,,,,,,,,,,,,,,,,,,,,,,,,,,,,,,,,,,,,,,,,,,,,400.2927953659627
Amsterdam,,449,,Keizersgracht,restaurant,,The Avocado Show,,,,,yes,POINT (4.8864162 52.3663365),,,,,,https://theavocadoshow.com/,,,,,,,,,,,,,,,,,,,,,,,,,,,,,,,,,,,,,,,,,,,,,,,,,,,,,,,,,,,,,,,,,,,,,,288.7113119534275
,,135,1017HJ,Vijzelstraat,restaurant,,Tokyo Ramen Takeichi,,,,,limited,POINT (4.8920385 52.3624137),,,,"Mo-Fr 12:00-15:00, Sa,Su 12:00-21:30, Mo-Fr 17:00-21:30",,https://takeichi-ramen.eu/locations/dutch-branches/central-branch-vijzelstraat-amsterdam/,,,,,+31 20 752 0229,ramen,,,,,,2023-10-19,yes,yes,,info@takeichi-ramen.eu,,,,,,,,,,,,,,,,,,,,,,,,,,,yes,,,0,,,,,,,,,,,,,,,,,G,,,,,,,378.68287097331137
,,,,,restaurant,,Eggs Benaddicted,,,,,,POINT (4.8849343 52.3643939),,,,,,,,,,,,,,,,,,,,,,,,,,,,,,,,,,,,,,,,,,,,,,,,,,,,,,,,,,,,,,,,,,,,,,,,,,,,119.40508827957419
Amsterdam,,62,,Korte Leidsedwarsstraat,restaurant,,Pier 62,,,,,,POINT (4.8847851 52.3631098),,,,,,,,,,,,,,,,,,,,,,,,,,,,,,,,,,,,,,,,,,,,,,,,,,,,,,,,,,,,,,,,,,,,,,,,,,,,26.942019515927953
,,,,Voetboogstraat,restaurant,,Sea food bar,,,,,limited,POINT (4.8905828 52.3686539),,,,,,,,,,,,,,,,,,,,,,,,,,,,,,,,,,,,,,,,,,,,,,,,,,,,,,,,,,,,,,,,,,,,,,,,,,,,547.2062697042295
Amsterdam,,56,1017NM,Lange Leidsedwarsstraat,restaurant,,Gandhi,,,,,,POINT (4.8829781 52.3649437),,,,,,https://indianrestaurantgandhi.com/leidseplein/,,,,,,indian,,,,,,,,,,,,,,,,,,,,,,,,,+31 20 624 6966,,,,,,,,,,,,,,,,,,,,,,,,,,,,,,,,,,,,,,,171.680998003106
Amsterdam,,60,1054BR,Eerste Constantijn Huygensstraat,restaurant,,Fiko,,BAG,2021-01-08,,yes,POINT (4.8741057 52.3640237),,,,Mo-Su 18:00-23:00,yes,https://www.fikoamsterdam.com,,,,,+31 20 846 6706,italian_pizza,,,,,yes,,,,,,,,,,,,,Fiko,,,,,,,,,,,,,,,,,,,,,,,,,,,,,,,,,,,,,,,,,,,,,,503.6158822794912
Amsterdam,,26,1017BM,Reguliersdwarsstraat,restaurant,,Genki,,BAG;local knowledge,2021-08-08,,limited,POINT (4.890322 52.3664049),,,,"Mo, We 17:00-23:00; Th-Su 13:00-23:00",yes,http://www.restaurantgenki.nl/,,,,,+31 20 626 3727,japanese,,,,,,,,,,info@restaurantgenki.nl,restaurantgenki,,restaurantgenki,,,,,,,,,,2012,,,,,,,,,,,,,,,,,,,,,,,,,,,,,,,,,,,,,,,,,401.86378253529
,,371-1,,Singel,restaurant,,Seth takeout,,,,,limited,POINT (4.8882808 52.3691315),,,,"Mo,Su off; Tu-Fr 11:30-19:00; Sa 14:00-19:00",,https://www.seth-takeout.nl,,,,,,surinamese,,,,,,2022-10-01,,,,,,,,,,,,,,,,,,,,,,,,,,,,,,,,,,,,,,,,,,,,,,,,,,,,,,,,,,528.6346961366218
,,,,,restaurant,,Gauchos,,,,,,POINT (4.8939566 52.3666792),,,,,,,,,,,,,,,,,,,,,,,,,,,,,,,,,,,,,,,,,,,,,,,,,,,,,,,,,,,,,,,,,,,,,,,,,,,,555.7060786450069
,,,,,restaurant,,Wok to go,,,,,,POINT (4.8941862 52.3666062),,,,,,,,,,,,,,,,,,,,,,,,,,,,,,,,,,,,,,,,,,,,,,,,,,,,,,,,,,,,,,,,,,,,,,,,,,,,562.1517668829028
,,4,,Regulierssteeg,restaurant,,Pho King,,,,,,POINT (4.8948927 52.3667945),,,,,,,,,,,,vietnamese,,,,,,,,,,,,,,,,,,,,,,,,,,,,,,,,,,,,,,,,,,,,,,,,,,,,,,,,,,,,,,,,599.3280081993922
Amsterdam,,76,1017XR,Weteringschans,restaurant,,AN,,,,,,POINT (4.8937415 52.3593592),,,,Tu-Sa 18:00-22:00,,http://japansrestaurantan.nl,,,,,+31 20 624 4672,japanese,,,,,,,,,,,,,,,,,,,,,,,,,,,,,,,,,,,,,,,,,,,,,,,,,,,,,,,,,,,,,,,,540.3544024888544
Amsterdam,,17,1017NE,Lange Leidsedwarsstraat,restaurant,,,,,,,,POINT (4.8840819 52.3644521),only,,,Mo-Su 12:00-22:00,,https://www.vegantemplebar.nl/,,,,only,,,,,,,,,,,,vegantemplebar@hotmail.com,,,,,,,,,,,,,,,,,,,,,,,,,,,,,,,,,,,,,,,,,,,,,,,,,,,,,,120.51070256491681
Amsterdam,,24,1017CS,Thorbeckeplein,restaurant,,Take Thai,,,,,,POINT (4.8955844 52.3651856),,,,Mo-Tu 12:00-22:00; We-Sa 12:00-23:00; Su 17:00-22:00,,https://takethai.net,,,,,+31 20 622 0577,thai,,,,,,,,,,,,,,,,,,,,,,,,,,,,,,,,,,,,,,,,,,,,,,,,,,,,,,,,,,,,,,,,577.1098702356587
Amsterdam,,15-17,1017CS,Thorbeckeplein,restaurant,,Snob,,,,,,POINT (4.8961108 52.3650998),,,,,,https://www.snobstreetfood.nl,,,,,,burger;salad,,,,,,,,,,,,,,,,,,,,,,,,,,,,,,,,,,,,,,,,,,,,,,,,,,,,,,,,,,,,,,,,599.5356688105893
,,,,,restaurant,,Milk,,,,,,POINT (4.8808832 52.3646981),yes,,,,,https://www.melkweg.nl/nl/milk/,,,,yes,,,,,,,,,,,,,,,,,,,,,,,,,,,,,,,,,,,,,,,,,,,,,,,,,,,,,,,,,,,,,,,,,,217.22385395609152
,,,,,restaurant,,Cora,,,,,,POINT (4.8845873 52.3652971),,,,,,,,,,,,,,,,,,,,,,,,,,,,,,,,,,,,,,,,,,,,,,,,,,,,,,,,,,,,,,,,,,,,,,,,,,,,187.69400794901912
,,,,,restaurant,,Umaimon,,,,,,POINT (4.8826683 52.3648158),,,,,,,,,,,,,,,,,,,,,,,,,,,,,,,,,,,,,,,,,,,,,,,,,,,,,,,,,,,,,,,,,,,,,,,,,,,,168.8644969148505
,,,,,restaurant,,Hongdae Amsterdam,,,,,,POINT (4.8848957 52.3638537),,,,,,,,,,,,,,,,,,,,,,,,,,,,,,,,,,,,,,,,,,,,,,,,,,,,,,,,,,,,,,,,,,,,,,,,,,,,77.97334709118856
,,82C,,Stadhouderskade,restaurant,,,,,,,,POINT (4.8931742 52.35772),,,,,,,,,,,,,,,,,,,,,,,,,,,,,,Bali Brunch,,,,,,,,,,,,,,,,,,,,,,,,,,,,,,,,,,,,,,,,,,,,,,598.8110923586702
Amsterdam,,10,1012WZ,Spui,restaurant,,Rouhi,,,,,,POINT (4.8905509 52.3689746),,,,Tu-Sa 10:00-22:00; Su 11:00-17:00,,https://rouhi.nl,,,,,+31 20 705 5180,,,,,,,,,,,,,,,,,,,,,,,,,,,,,,,,,,,,,,,,,,,,,,,,,,,,,,,,,,,,,,,,,567.6989743660305
,,,,,restaurant,,Umami,,,,,,POINT (4.8775443 52.3632031),,,,,,,,,,,,asian,,,,,,,,,,,,,,,,,,,,,,,,,,,,,,,,,,,,,,,,,,,,,,,,,,,,,,,,,,,,,,,,329.5666366294447
,,,,,restaurant,,Joost,,,,,,POINT (4.8780303 52.3625932),,,,,,,,,,,,,,,,,,,,,,,,,,,Located in Vondel hotel,,,,,,,,,,,,,,,,,,,,,,,,,,,,,,,,,,,,,,,,,,,,,,,,,306.5232449587928
,,,,,restaurant,,Grand Café Lido,,,,,,POINT (4.8819472 52.3625269),,,,,,,,,,,,,,,,,,,,,,,,,,,,,,,,,,,,,,,,,,,,,,,,,,,,,,,,,,,,,,,,,,,,,,,,,,,,119.32941689156372
,,,,,restaurant,,,,BAG,2014-02-11,,,"POLYGON ((4.8894297 52.3673174, 4.8894697 52.3672885, 4.8894309 52.3672684, 4.8893903 52.3672978, 4.8894297 52.3673174))",,,,,,,,,,,,seafood,,,,,,,,,,,,,,,,,,,,,,,1005,,,,,,,,,,,,,,,,,,,,,,,,,,,,,,,,,,,,,,"[2724039942, 2724039887, 2724039870, 2724039899, 2724039942]",yes,363100012176251,426.38190100469984
Amsterdam,,33,1017HN,Vijzelgracht,restaurant,,Mangia,,BAG,2014-02-11,,,"POLYGON ((4.8916925 52.3610217, 4.8917171 52.3610183, 4.8916929 52.3609508, 4.8916696 52.3609534, 4.8915023 52.3609725, 4.8915018 52.3609731, 4.8915131 52.3610025, 4.8915277 52.3610014, 4.8915311 52.3610102, 4.8915171 52.3610132, 4.8915288 52.3610436, 4.8916925 52.3610217))",,,,,,,,,,,,,,,,,,,,,,,,,,,,,,,,,,,1865,,,,,,,,,,,,,,,,,,,,,,,,,,,,,,,,,,,,,,"[2737984035, 2737984022, 2737983747, 2737983752, 2737983811, 2737983816, 2737983971, 2737983966, 2737983994, 2737984013, 2737984112, 2737984035]",yes,0363100012175482,387.69321157515
Amsterdam,,41,1017SM,Weteringstraat,restaurant,,La Cacerola,,BAG,2014-02-11,,,"POLYGON ((4.8888709 52.3611224, 4.8888517 52.3610607, 4.8887343 52.3610744, 4.8887569 52.3611362, 4.8887778 52.3611337, 4.888781 52.3611434, 4.8888302 52.3611373, 4.888827 52.3611276, 4.8888709 52.3611224))",,,,18:00-00:00; Su off,,http://www.restaurantlacacerola.nl/,,,,,+31 20 627 9397,spanish,,,,,,,,,,,,,,,,,,,,,,,1860,,,,,,,,,,,,,,,,,,,,,,,,,,,,,,,,,,,,,,"[2737984763, 2737984395, 2737984490, 2737984901, 2737984888, 2737984970, 2737984921, 2737984840, 2737984763]",yes,0363100012171825,263.34848549750313
